# Blender 5.1.2
# www.blender.org
mtllib Crate2.mtl
o Untitled
v -3.000000 13.300001 -0.001990
v -3.000000 13.495553 0.199999
v -3.000000 13.400000 0.099999
v -3.000000 13.400000 -0.100001
v -3.000000 13.495553 -0.200001
v -3.000000 13.500000 4.998010
v -3.000000 13.500000 3.798010
v -3.000000 13.500000 2.598010
v -3.000000 13.500000 1.398010
v -3.000000 13.595554 0.299999
v -3.000000 13.595554 -0.300001
v -3.000000 13.500000 -1.401990
v -3.000000 13.500000 -2.601990
v -3.000000 13.500000 -3.801991
v -3.000000 13.500000 -5.001990
v -3.000000 13.695554 5.199999
v -3.000000 13.600001 5.099999
v -3.000000 13.600001 4.900000
v -3.000000 13.695554 4.799999
v -3.000000 13.695554 3.999999
v -3.000000 13.600001 3.899999
v -3.000000 13.600001 3.699999
v -3.000000 13.695554 3.599999
v -3.000000 13.600001 2.699999
v -3.000000 13.600001 2.499999
v -3.000000 13.695554 1.599999
v -3.000000 13.600001 1.499999
v -3.000000 13.600001 1.299999
v -3.000000 13.695554 1.199999
v -3.000000 13.695554 0.399999
v -3.000000 13.695554 -0.400001
v -3.000000 13.695554 -1.200001
v -3.000000 13.600001 -1.300001
v -3.000000 13.600001 -1.500001
v -3.000000 13.695554 -1.600001
v -3.000000 13.695554 -2.400001
v -3.000000 13.600001 -2.500001
v -3.000000 13.600001 -2.700001
v -3.000000 13.695554 -2.800001
v -3.000000 13.695554 -3.600001
v -3.000000 13.600001 -3.700001
v -3.000000 13.600001 -3.900001
v -3.000000 13.695554 -4.000001
v -3.000000 13.695554 -4.800001
v -3.000000 13.600001 -4.900002
v -3.000000 13.600001 -5.100001
v -3.000000 13.695554 -5.200001
v -3.000000 13.795553 5.299999
v -3.000000 13.795553 4.699999
v -3.000000 13.795553 4.099999
v -3.000000 13.795553 3.499999
v -3.000000 13.795553 2.899999
v -3.000000 13.695554 2.799999
v -3.000000 13.695554 2.399999
v -3.000000 13.795553 2.299999
v -3.000000 13.795553 1.699999
v -3.000000 13.795553 1.099999
v -3.000000 13.795553 0.499999
v -3.000000 13.795553 -0.500001
v -3.000000 13.795553 -1.100001
v -3.000000 13.795553 -1.700001
v -3.000000 13.795553 -2.300001
v -3.000000 13.795553 -2.900001
v -3.000000 13.795553 -3.500001
v -3.000000 13.795553 -4.100001
v -3.000000 13.795553 -4.700001
v -3.000000 13.795553 -5.300001
v -3.000000 13.800001 5.900000
v -3.000000 13.800001 -5.900002
v -3.000000 14.100001 5.900000
v -3.000000 14.100000 5.299999
v -3.000000 14.100000 4.699999
v -3.000000 14.100000 2.899999
v -3.000000 14.100000 2.299999
v -3.000000 14.100000 0.499999
v -3.000000 14.100000 -0.500001
v -3.000000 14.100000 -2.300001
v -3.000000 14.100000 -2.900001
v -3.000000 14.100000 -4.700001
v -3.000000 14.100000 -5.300001
v -3.000000 14.100001 -5.900002
v -2.900000 14.100001 5.900000
v -2.900000 14.100000 5.299999
v -2.900000 14.100000 4.699999
v -2.900000 14.100000 2.899999
v -2.900000 14.100000 2.299999
v -2.900000 14.100000 0.499999
v -2.900000 14.100000 -0.500001
v -2.900000 14.100000 -2.300001
v -2.900000 14.100000 -2.900001
v -2.900000 14.100000 -4.700001
v -2.900000 14.100000 -5.300001
v -2.900000 14.100001 -5.900002
v -2.900000 14.112298 5.900000
v -2.900000 14.112297 5.299999
v -2.900000 14.112297 4.699999
v -2.900000 14.112297 2.899999
v -2.900000 14.112297 2.299999
v -2.900000 14.112297 0.499999
v -2.900000 14.112297 -0.500001
v -2.900000 14.112297 -2.300001
v -2.900000 14.112297 -2.900001
v -2.900000 14.112297 -4.700001
v -2.900000 14.112297 -5.300001
v -2.900000 14.112298 -5.900002
v -2.800000 13.800620 5.499999
v -2.800000 13.800620 5.800000
v -2.800000 13.800001 -5.500001
v -2.800000 13.800001 -5.800002
v 4.600000 0.000000 5.900001
v 4.600000 0.000000 5.600000
v 4.600000 -0.000000 -5.600000
v 4.600000 -0.000000 -5.900001
v 4.600000 6.100000 5.599999
v 4.600000 6.099999 -5.600000
v 4.600000 6.400001 5.599999
v 4.600000 6.400000 -5.600000
v 4.600000 13.200000 5.900000
v 4.600000 13.200000 5.599999
v 4.600000 13.200000 -5.600001
v 4.600000 13.200000 -5.900002
v 4.600000 13.595421 5.900000
v 4.600000 13.595421 5.599999
v 4.600000 13.500000 -5.600001
v 4.600000 13.500000 -5.900002
v 4.600000 13.800001 5.900000
v 4.600000 13.800001 5.599999
v 4.600000 13.800001 -5.600001
v 4.600000 13.800001 -5.900002
v 4.600000 14.100001 5.599999
v 4.600000 14.100000 5.299999
v 4.600000 14.100000 4.699999
v 4.600000 14.100000 2.899999
v 4.600000 14.100000 2.299999
v 4.600000 14.100000 0.499999
v 4.600000 14.100000 -0.500001
v 4.600000 14.100000 -2.300001
v 4.600000 14.100000 -2.900001
v 4.600000 14.100000 -4.700001
v 4.600000 14.100000 -5.300001
v 4.600000 14.100001 -5.600001
v 4.900001 0.000000 5.600000
v 4.900000 0.000000 5.300000
v 4.900000 0.000000 4.700000
v 4.900000 0.000000 2.900000
v 4.900000 0.000000 2.300000
v 4.900000 0.000000 0.500000
v 4.900000 -0.000000 -0.500000
v 4.900000 -0.000000 -2.300000
v 4.900000 -0.000000 -2.900000
v 4.900000 -0.000000 -4.700000
v 4.900000 -0.000000 -5.300000
v 4.900001 -0.000000 -5.600000
v 4.900001 6.100000 5.599999
v 4.900000 6.100000 5.300000
v 4.900000 6.100000 4.699999
v 4.900000 6.100000 2.900000
v 4.900000 6.100000 2.299999
v 4.900000 6.100000 0.500000
v 4.900000 6.100000 -0.500000
v 4.900000 6.100000 -2.300000
v 4.900000 6.100000 -2.900001
v 4.900000 6.099999 -4.700000
v 4.900000 6.099999 -5.300001
v 4.900001 6.099999 -5.600000
v 4.900001 6.400001 5.599999
v 4.900000 6.400001 5.300000
v 4.900000 6.400001 4.699999
v 4.900000 6.400000 2.900000
v 4.900000 6.400000 2.299999
v 4.900000 6.400000 0.500000
v 4.900000 6.400000 -0.500000
v 4.900000 6.400000 -2.300000
v 4.900000 6.400000 -2.900001
v 4.900000 6.400000 -4.700000
v 4.900000 6.400000 -5.300001
v 4.900001 6.400000 -5.600000
v 4.900001 13.800001 5.599999
v 4.900000 13.800000 5.299999
v 4.900000 13.800000 4.699999
v 4.900000 13.800000 2.899999
v 4.900000 13.800000 2.299999
v 4.900000 13.800000 0.499999
v 4.900000 13.800000 -0.500001
v 4.900000 13.800000 -2.300001
v 4.900000 13.800000 -2.900001
v 4.900000 13.800000 -4.700001
v 4.900000 13.800000 -5.300001
v 4.900001 13.800001 -5.600001
v -2.900000 13.300001 -0.001990
v -2.900000 13.400000 0.099999
v -2.900000 13.400000 -0.100001
v -2.900000 13.500000 4.998010
v -2.900000 13.500000 3.798010
v -2.900000 13.500000 2.598010
v -2.900000 13.500000 1.398010
v -2.900000 13.595554 0.299999
v -2.900000 13.495553 0.199999
v -2.900000 13.495553 -0.200001
v -2.900000 13.500000 -1.401990
v -2.900000 13.500000 -2.601990
v -2.900000 13.500000 -3.801991
v -2.900000 13.500000 -5.001990
v -2.900000 13.695554 5.199999
v -2.900000 13.600001 5.099999
v -2.900000 13.600001 4.900000
v -2.900000 13.695554 4.799999
v -2.900000 13.695554 3.999999
v -2.900000 13.600001 3.899999
v -2.900000 13.600001 3.699999
v -2.900000 13.695554 3.599999
v -2.900000 13.695554 2.799999
v -2.900000 13.600001 2.699999
v -2.900000 13.600001 2.499999
v -2.900000 13.695554 2.399999
v -2.900000 13.600001 1.499999
v -2.900000 13.600001 1.299999
v -2.900000 13.695554 0.399999
v -2.900000 13.595554 -0.300001
v -2.900000 13.695554 -0.400001
v -2.900000 13.695554 -1.200001
v -2.900000 13.600001 -1.300001
v -2.900000 13.600001 -1.500001
v -2.900000 13.695554 -1.600001
v -2.900000 13.695554 -2.400001
v -2.900000 13.600001 -2.500001
v -2.900000 13.600001 -2.700001
v -2.900000 13.695554 -2.800001
v -2.900000 13.695554 -3.600001
v -2.900000 13.600001 -3.700001
v -2.900000 13.600001 -3.900001
v -2.900000 13.695554 -4.000001
v -2.900000 13.600001 -4.900002
v -2.900000 13.600001 -5.100001
v -2.900000 13.695554 -5.200001
v -2.900000 13.795553 5.299999
v -2.900000 13.795553 4.699999
v -2.900000 13.795553 4.099999
v -2.900000 13.795553 1.699999
v -2.900000 13.695554 1.599999
v -2.900000 13.695554 1.199999
v -2.900000 13.795553 1.099999
v -2.900000 13.795553 -0.500001
v -2.900000 13.795553 -1.100001
v -2.900000 13.795553 -1.700001
v -2.900000 13.795553 -3.500001
v -2.900000 13.795553 -4.100001
v -2.900000 13.695554 -4.800001
v -2.900000 13.795553 -5.300001
v -2.900000 13.795553 3.499999
v -2.900000 13.795553 2.899999
v -2.900000 13.795553 2.299999
v -2.900000 13.795553 0.499999
v -2.900000 13.795553 -2.300001
v -2.900000 13.795553 -2.900001
v -2.900000 13.795553 -4.700001
v -2.600000 13.798144 5.800000
v -2.600000 13.798144 5.499999
v -2.600000 13.800001 5.599999
v -2.600000 13.800001 -5.500001
v -2.600000 13.800001 -5.600001
v -2.600000 13.800001 -5.800002
v -2.600000 14.100001 5.599999
v -2.600000 14.100000 5.299999
v -2.600000 14.100000 4.699999
v -2.600000 14.100000 2.899999
v -2.600000 14.100000 2.299999
v -2.600000 14.100000 0.499999
v -2.600000 14.100000 -0.500001
v -2.600000 14.100000 -2.300001
v -2.600000 14.100000 -2.900001
v -2.600000 14.100000 -4.700001
v -2.600000 14.100000 -5.300001
v -2.600000 14.100001 -5.600001
v 4.900000 14.295579 4.699999
v 4.900000 14.295579 2.899999
v 4.900000 14.295579 2.299999
v 4.900000 14.295579 0.499999
v 4.900000 14.295579 -0.500001
v 4.900000 14.295579 -2.300001
v 4.900000 14.295579 -4.700001
v 4.900001 14.295580 5.900000
v 4.900000 14.295579 5.299999
v 4.900000 14.295579 -2.900001
v 4.900000 14.295579 -5.300001
v 4.900001 14.295580 -5.900002
v 5.000000 0.000000 5.900001
v 5.000000 0.000000 5.300000
v 5.000000 0.000000 4.700000
v 5.000000 0.000000 2.900000
v 5.000000 0.000000 2.300000
v 5.000000 0.000000 0.500000
v 5.000000 -0.000000 -0.500000
v 5.000000 -0.000000 -2.300000
v 5.000000 -0.000000 -2.900000
v 5.000000 -0.000000 -4.700000
v 5.000000 -0.000000 -5.300000
v 5.000000 -0.000000 -5.900001
v 5.000000 14.200000 5.900000
v 5.000000 14.200000 5.299999
v 5.000000 14.200000 4.699999
v 5.000000 14.200000 2.899999
v 5.000000 14.200000 2.299999
v 5.000000 14.200000 0.499999
v 5.000000 14.200000 -0.500001
v 5.000000 14.200000 -2.300001
v 5.000000 14.200000 -2.900001
v 5.000000 14.200000 -4.700001
v 5.000000 14.200000 -5.300001
v 5.000000 14.200000 -5.900002
v -2.900000 13.800000 5.899999
v 4.600000 14.100000 5.899999
v 4.600000 14.200000 5.899999
v 4.900000 0.000000 5.900000
v -2.900000 13.800000 -5.900001
v 4.600000 14.100000 -5.900001
v 4.600000 14.200000 -5.900001
v 4.900000 -0.000000 -5.900000
v -2.800000 13.800621 -5.993237
v -2.800000 13.800621 -5.693236
v -2.700000 13.700622 -5.693236
v -2.700000 13.700622 -5.993237
v -2.600000 0.000000 -5.493236
v -2.600000 0.000000 -5.793236
v -2.600000 0.300000 -5.493236
v -2.600000 0.300000 -5.793236
v -2.600000 13.504270 -5.693236
v -2.600000 13.504270 -5.993237
v -2.500000 0.496983 -5.493236
v -2.500000 0.496983 -5.793236
v -2.500000 13.400620 -5.693236
v -2.500000 13.400620 -5.993237
v -2.400000 0.696983 -5.793236
v -2.400000 0.696983 -5.493236
v -2.406549 13.274264 -5.693236
v -2.406549 13.274264 -5.993237
v -2.300000 0.898588 -5.493236
v -2.300000 0.898588 -5.793236
v -2.300000 13.104270 -5.693236
v -2.300000 13.104270 -5.993237
v -2.200000 1.099940 -5.493236
v -2.200000 1.099940 -5.793236
v -2.200000 13.000621 -5.693236
v -2.200000 13.000621 -5.993237
v -2.100000 1.299940 -5.493236
v -2.100000 1.299940 -5.793236
v -2.100000 12.900620 -5.693236
v -2.100000 12.900620 -5.993237
v -2.000000 1.499940 -5.493236
v -2.000000 1.499940 -5.793236
v -2.006549 12.774264 -5.693236
v -2.006549 12.774264 -5.993237
v -1.900000 1.699940 -5.493236
v -1.900000 1.699940 -5.793236
v -1.900000 12.604270 -5.693236
v -1.900000 12.604270 -5.993237
v -1.800000 1.899940 -5.493236
v -1.800000 1.899940 -5.793236
v -1.800000 12.500621 -5.693236
v -1.800000 12.500621 -5.993237
v -1.700000 2.099940 -5.493236
v -1.700000 2.099940 -5.793236
v -1.700000 12.400620 -5.693236
v -1.700000 12.400620 -5.993237
v -1.600000 2.299940 -5.793236
v -1.600000 2.299940 -5.493236
v -1.606549 12.274264 -5.693236
v -1.606549 12.274264 -5.993237
v -1.500000 2.397711 -5.493236
v -1.500000 2.397711 -5.793236
v -1.500000 12.104270 -5.693236
v -1.500000 12.104270 -5.993237
v -1.400000 2.597096 -5.493236
v -1.400000 2.597096 -5.793236
v -1.400000 12.000621 -5.693236
v -1.400000 12.000621 -5.993237
v -1.300000 2.797096 -5.493236
v -1.300000 2.797096 -5.793236
v -1.306549 11.874264 -5.693236
v -1.306549 11.874264 -5.993237
v -1.200000 2.997097 -5.493236
v -1.200000 2.997097 -5.793236
v -1.200000 11.704270 -5.693236
v -1.200000 11.704270 -5.993237
v -1.100000 3.197097 -5.493236
v -1.100000 3.197097 -5.793236
v -1.100000 11.600621 -5.693236
v -1.100000 11.600621 -5.993237
v -1.000000 3.397097 -5.793236
v -1.000000 3.397097 -5.493236
v -1.000000 11.500621 -5.693236
v -1.000000 11.500621 -5.993237
v -0.900000 3.597096 -5.493236
v -0.900000 3.597096 -5.793236
v -0.906549 11.374264 -5.693236
v -0.906549 11.374264 -5.993237
v -0.800000 3.797096 -5.493236
v -0.800000 3.797096 -5.793236
v -0.800000 11.204270 -5.693236
v -0.800000 11.204270 -5.993237
v -0.700000 3.997097 -5.793236
v -0.700000 3.997097 -5.493236
v -0.700000 11.100621 -5.693236
v -0.700000 11.100621 -5.993237
v -0.600000 4.197096 -5.493236
v -0.600000 4.197096 -5.793236
v -0.606549 10.974058 -5.595434
v -0.606549 10.974264 -5.993237
v -0.500000 4.397097 -5.493236
v -0.500000 4.397097 -5.793236
v -0.500000 10.804269 -5.593236
v -0.400000 4.597097 -5.493236
v -0.400000 4.597097 -5.793236
v -0.421169 10.696343 -5.593236
v -0.421169 10.696343 -5.893237
v -0.300000 4.697711 -5.793236
v -0.300000 4.697711 -5.493236
v -0.326880 10.581182 -5.893237
v -0.326880 10.581182 -5.593236
v -0.200000 4.897097 -5.493236
v -0.200000 4.897097 -5.793236
v -0.226783 10.465931 -5.893237
v -0.226783 10.465931 -5.593236
v -0.100000 5.097097 -5.793236
v -0.100000 5.097097 -5.493236
v -0.100000 10.304269 -5.593236
v -0.100000 10.304269 -5.893237
v 0.000000 5.297097 -5.493236
v 0.000000 5.297097 -5.793236
v -0.023298 10.196241 -5.593236
v -0.023298 10.196241 -5.893237
v 0.100000 5.497097 -5.793236
v 0.100000 5.497097 -5.493236
v 0.067287 10.064185 -5.593236
v 0.067287 10.064185 -5.893237
v 0.200000 5.697096 -5.793236
v 0.200000 5.697096 -5.493236
v 0.200000 9.904270 -5.593236
v 0.200000 9.904270 -5.893237
v 0.300000 5.897097 -5.493236
v 0.300000 5.897097 -5.793236
v 0.300000 9.800621 -5.593236
v 0.300000 9.800621 -5.893237
v 0.400000 6.097097 -5.493236
v 0.400000 6.097097 -5.793236
v 0.380404 9.690760 -5.593236
v 0.380404 9.690760 -5.893237
v 0.500000 6.297097 -5.493236
v 0.500000 6.297097 -5.793236
v 0.493451 9.574265 -5.593236
v 0.493451 9.574265 -5.893237
v 0.600000 6.497097 -5.493236
v 0.600000 6.497097 -5.793236
v 0.600000 9.404270 -5.893236
v 0.600000 9.404270 -5.593235
v 0.700000 6.697096 -5.793236
v 0.700000 6.697096 -5.493236
v 0.700000 9.300621 -5.593235
v 0.700000 9.300621 -5.893236
v 0.800000 6.797711 -5.493236
v 0.800000 6.797711 -5.793236
v 0.784787 9.187509 -5.593235
v 0.784787 9.187509 -5.893236
v 0.900000 6.505146 -5.793236
v 0.900000 6.600000 -5.893236
v 0.900000 6.895422 -5.593235
v 0.900000 6.895422 -5.793236
v 0.900000 7.000000 -5.593235
v 0.900000 7.000000 -5.893236
v 0.893451 9.074265 -5.593235
v 0.893451 9.074265 -5.893236
v 1.000000 7.198406 -5.893236
v 1.000000 7.198406 -5.593235
v 1.000000 8.904270 -5.593235
v 1.000000 8.904270 -5.893236
v 1.100000 7.398407 -5.893236
v 1.100000 7.398407 -5.593235
v 1.100000 8.800621 -5.593235
v 1.100000 8.800621 -5.893236
v 1.200000 7.598406 -5.593235
v 1.200000 7.598406 -5.893236
v 1.193451 8.674264 -5.593235
v 1.193451 8.674264 -5.893236
v 1.300000 7.798407 -5.593235
v 1.300000 7.798407 -5.893236
v 1.300000 8.504270 -5.593235
v 1.300000 8.504270 -5.893236
v 1.400000 7.998407 -5.893236
v 1.400000 7.998407 -5.593235
v 1.500072 8.300002 -5.593235
v 1.500072 8.300002 -5.893236
v 1.400000 8.400001 -5.593235
v 1.400000 8.400001 -5.893236
v 1.500000 8.095422 -5.593235
v 1.500000 8.095422 -5.893236
v 1.500000 8.497684 -5.593235
v 1.500000 8.497684 -5.893236
v 1.600000 8.494065 -5.593235
v 1.600000 8.494065 -5.893236
v 1.700000 8.598855 -5.593235
v 1.700000 8.598855 -5.893236
v 1.800000 8.798856 -5.593235
v 1.800000 8.798856 -5.893236
v 1.900000 8.998857 -5.593235
v 1.900000 8.998857 -5.893236
v 2.000000 9.097712 -5.593235
v 2.000000 9.097712 -5.893236
v 2.100000 9.298856 -5.593235
v 2.100000 9.298856 -5.893236
v 2.200000 9.499761 -5.593236
v 2.200000 9.499761 -5.893237
v 2.300000 9.699759 -5.593236
v 2.300000 9.699759 -5.893237
v 2.400000 9.899759 -5.593236
v 2.400000 9.899759 -5.893237
v 2.500000 10.099759 -5.593236
v 2.500000 10.099759 -5.893237
v 2.600000 10.299760 -5.593236
v 2.600000 10.299760 -5.893237
v 2.700000 10.499761 -5.593236
v 2.700000 10.499761 -5.893237
v 2.800000 10.699759 -5.593236
v 2.800000 10.699759 -5.893237
v 2.900000 10.899093 -5.893237
v 2.900000 10.899093 -5.593236
v 3.000000 11.099093 -5.593236
v 3.000000 11.099093 -5.893237
v 3.100000 11.197712 -5.593236
v 3.100000 11.197712 -5.893237
v 3.200000 11.399093 -5.893237
v 3.200000 11.399093 -5.593236
v 3.300000 11.599093 -5.593236
v 3.300000 11.599093 -5.893237
v 3.400000 11.799094 -5.593236
v 3.400000 11.799094 -5.893237
v 3.500000 11.999093 -5.593236
v 3.500000 11.999093 -5.893237
v 3.600000 12.199092 -5.593236
v 3.600000 12.199092 -5.893237
v 3.700000 12.399179 -5.893237
v 3.700000 12.399179 -5.593236
v 3.800000 12.599179 -5.893237
v 3.800000 12.599179 -5.593236
v 3.900000 12.799180 -5.593236
v 3.900000 12.799180 -5.893237
v 4.000000 12.998704 -5.593236
v 4.000000 12.998704 -5.893237
v 4.100000 13.198314 -5.593236
v 4.100000 13.198314 -5.893237
v 4.200000 13.397428 -5.593236
v 4.200000 13.397428 -5.893237
v 4.300000 13.497711 -5.593236
v 4.300000 13.497711 -5.893237
v 4.600000 13.200001 -5.593236
v 4.600000 13.200001 -5.893237
v 4.600000 13.595422 -5.593236
v 4.600000 13.595422 -5.893237
v -2.600000 13.798145 -5.693236
v -2.600000 13.798145 -5.993237
v -2.500000 13.700702 -5.993237
v -2.500000 13.700702 -5.693236
v -2.358746 13.528164 -5.693236
v -2.358746 13.528164 -5.993237
v -2.300000 0.002573 -5.493236
v -2.300000 0.002573 -5.793236
v -2.300000 13.398145 -5.693236
v -2.300000 13.398145 -5.993237
v -2.200000 0.103399 -5.793236
v -2.200000 0.103399 -5.493236
v -2.200000 13.300703 -5.993237
v -2.200000 13.300703 -5.693236
v -2.100000 0.303399 -5.493236
v -2.100000 0.303399 -5.793236
v -2.058746 13.128164 -5.693236
v -2.058746 13.128164 -5.993237
v -2.000000 0.503399 -5.493236
v -2.000000 0.503399 -5.793236
v -2.000000 12.998145 -5.693236
v -2.000000 12.998145 -5.993237
v -1.900000 0.703399 -5.493236
v -1.900000 0.703399 -5.793236
v -1.900000 12.898145 -5.693236
v -1.900000 12.898145 -5.993237
v -1.800000 0.903400 -5.493236
v -1.800000 0.903400 -5.793236
v -1.800000 12.800703 -5.693236
v -1.800000 12.800703 -5.993237
v -1.700000 1.103400 -5.493236
v -1.700000 1.103399 -5.793236
v -1.658746 12.628164 -5.693236
v -1.658746 12.628164 -5.993237
v -1.600000 1.303399 -5.493236
v -1.600000 1.303399 -5.793236
v -1.600000 12.498145 -5.693236
v -1.600000 12.498145 -5.993237
v -1.500000 1.503400 -5.493236
v -1.500000 1.503399 -5.793236
v -1.500000 12.398145 -5.693236
v -1.500000 12.398145 -5.993237
v -1.400000 1.703400 -5.493236
v -1.400000 1.703399 -5.793236
v -1.400000 12.300703 -5.693236
v -1.400000 12.300703 -5.993237
v -1.300000 1.903399 -5.793236
v -1.300000 1.903399 -5.493236
v -1.258746 12.128164 -5.693236
v -1.258746 12.128164 -5.993237
v -1.200000 2.102573 -5.493236
v -1.200000 2.102573 -5.793236
v -1.200000 11.998145 -5.993237
v -1.200000 11.998145 -5.693236
v -1.100000 2.203400 -5.493236
v -1.100000 2.203400 -5.793236
v -1.100000 11.900702 -5.993237
v -1.100000 11.900702 -5.693236
v -1.000000 2.403399 -5.493236
v -1.000000 2.403399 -5.793236
v -0.974544 11.732624 -5.993237
v -0.974544 11.732624 -5.693236
v -0.900000 2.603399 -5.493236
v -0.900000 2.603399 -5.793236
v -0.900000 11.598145 -5.993237
v -0.900000 11.598145 -5.693236
v -0.800000 2.803400 -5.493236
v -0.800000 2.803400 -5.793236
v -0.800000 11.498145 -5.693236
v -0.800000 11.498145 -5.993237
v -0.700000 3.003400 -5.493236
v -0.700000 3.003400 -5.793236
v -0.700000 11.400702 -5.693236
v -0.700000 11.400702 -5.993237
v -0.600000 3.203400 -5.493236
v -0.600000 3.203400 -5.793236
v -0.600000 11.198146 -5.993237
v -0.600000 11.198146 -5.693236
v -0.500000 3.403399 -5.493236
v -0.500000 3.403399 -5.793236
v -0.500000 10.804269 -5.894199
v -0.474544 11.034479 -5.599830
v -0.468076 11.013639 -5.895163
v -0.442620 11.049444 -5.693236
v -0.400000 3.603399 -5.493236
v -0.400000 3.603399 -5.793236
v -0.400000 10.902774 -5.893237
v -0.400000 10.902774 -5.593236
v -0.300000 3.803400 -5.793236
v -0.300000 3.803400 -5.493236
v -0.274544 10.734695 -5.593236
v -0.274544 10.734695 -5.893237
v -0.200000 4.003399 -5.493236
v -0.200000 4.003399 -5.793236
v -0.179926 10.623596 -5.593236
v -0.179926 10.623596 -5.893237
v -0.100000 4.203400 -5.793236
v -0.100000 4.203400 -5.493236
v -0.100000 10.500216 -5.593236
v -0.100000 10.500216 -5.893237
v 0.000000 4.402574 -5.493236
v 0.000000 4.402574 -5.793236
v 0.000000 10.402774 -5.593236
v 0.000000 10.402774 -5.893237
v 0.100000 4.503399 -5.493236
v 0.100000 4.503399 -5.793236
v 0.125456 10.234695 -5.593236
v 0.125456 10.234695 -5.893237
v 0.200000 4.703400 -5.793236
v 0.200000 4.703400 -5.493236
v 0.212644 10.121893 -5.593236
v 0.212644 10.121893 -5.893237
v 0.300000 4.903400 -5.493236
v 0.300000 4.903400 -5.793236
v 0.300000 10.002774 -5.593236
v 0.300000 10.002774 -5.893237
v 0.400000 5.103400 -5.793236
v 0.400000 5.103400 -5.493236
v 0.425456 9.834696 -5.593236
v 0.425456 9.834696 -5.893237
v 0.500000 5.303400 -5.493236
v 0.500000 5.303400 -5.793236
v 0.519115 9.713690 -5.893237
v 0.519115 9.713690 -5.593236
v 0.600000 5.503399 -5.493236
v 0.600000 5.503399 -5.793236
v 0.600000 9.600217 -5.893237
v 0.600000 9.600217 -5.593236
v 0.700000 5.703400 -5.493236
v 0.700000 5.703400 -5.793236
v 0.700000 9.502774 -5.593236
v 0.700000 9.502774 -5.893237
v 0.800000 5.903400 -5.793236
v 0.800000 5.903400 -5.493236
v 0.825456 9.334696 -5.893236
v 0.825456 9.334696 -5.593235
v 0.900000 6.103400 -5.493236
v 0.900000 6.103400 -5.793236
v 0.914915 9.222685 -5.593235
v 0.914915 9.222685 -5.893236
v 1.000000 6.303400 -5.493236
v 1.000000 6.303400 -5.793236
v 1.000000 9.100217 -5.593235
v 1.000000 9.100217 -5.893236
v 1.100000 6.500000 -5.493236
v 1.100000 6.502573 -5.793236
v 1.100000 6.505146 -5.593235
v 1.100000 6.800001 -5.493236
v 1.100000 6.895422 -5.593235
v 1.100000 9.002774 -5.593235
v 1.100000 9.002774 -5.893236
v 1.200000 6.600653 -5.593235
v 1.200000 6.600653 -5.893236
v 1.225456 8.834696 -5.893236
v 1.225456 8.834696 -5.593235
v 1.300000 6.801181 -5.593235
v 1.300000 6.801181 -5.893236
v 1.300000 8.700217 -5.593235
v 1.300000 8.700217 -5.893236
v 1.400000 7.001181 -5.593235
v 1.400000 7.001181 -5.893236
v 1.400000 8.602774 -5.593235
v 1.400000 8.602774 -5.893236
v 1.500000 7.201181 -5.893236
v 1.500000 7.201181 -5.593235
v 1.600000 7.401182 -5.893236
v 1.600000 7.401182 -5.593235
v 1.700000 7.601182 -5.593235
v 1.700000 7.601182 -5.893236
v 1.800000 7.801181 -5.593235
v 1.800000 7.801181 -5.893236
v 1.900000 8.001182 -5.893236
v 1.900000 8.001182 -5.593235
v 2.000000 8.201181 -5.593235
v 2.000000 8.201181 -5.893236
v 2.100000 8.401181 -5.593235
v 2.100000 8.401181 -5.893236
v 2.200000 8.601182 -5.893236
v 2.200000 8.601182 -5.593235
v 2.300000 8.802574 -5.893236
v 2.300000 8.802574 -5.593235
v 2.400000 8.901181 -5.593235
v 2.400000 8.901181 -5.893236
v 2.500000 9.101182 -5.593235
v 2.500000 9.101182 -5.893236
v 2.600000 9.301183 -5.593235
v 2.600000 9.301183 -5.893236
v 2.700000 9.501182 -5.593236
v 2.700000 9.501182 -5.893237
v 2.800000 9.701181 -5.593236
v 2.800000 9.701181 -5.893237
v 2.900000 9.901181 -5.593236
v 2.900000 9.901181 -5.893237
v 3.000000 10.101182 -5.593236
v 3.000000 10.101182 -5.893237
v 3.100000 10.300580 -5.593236
v 3.100000 10.300580 -5.893237
v 3.200000 10.500579 -5.893237
v 3.200000 10.500579 -5.593236
v 3.300000 10.700580 -5.593236
v 3.300000 10.700580 -5.893237
v 3.400000 10.902574 -5.593236
v 3.400000 10.902574 -5.893237
v 3.500000 11.000579 -5.893237
v 3.500000 11.000579 -5.593236
v 3.600000 11.200580 -5.593236
v 3.600000 11.200580 -5.893237
v 3.700000 11.402153 -5.593236
v 3.700000 11.402153 -5.893237
v 3.800000 11.602154 -5.593236
v 3.800000 11.602154 -5.893237
v 3.900000 11.802154 -5.593236
v 3.900000 11.802154 -5.893237
v 4.000000 12.002152 -5.893237
v 4.000000 12.002152 -5.593236
v 4.100000 12.202152 -5.593236
v 4.100000 12.202152 -5.893237
v 4.200000 12.402153 -5.593236
v 4.200000 12.402153 -5.893237
v 4.300000 12.602154 -5.593236
v 4.300000 12.602154 -5.893237
v 4.400001 12.802154 -5.593236
v 4.400001 12.802154 -5.893237
v 4.500000 13.002152 -5.593236
v 4.500000 13.002152 -5.893237
v -2.800000 13.800620 5.499999
v -2.800000 13.800620 5.800000
v -2.700000 13.700621 5.800000
v -2.700000 13.700621 5.499999
v -2.600000 0.000000 6.000000
v -2.600000 0.000000 5.700000
v -2.600000 0.300000 6.000000
v -2.600000 0.300000 5.700000
v -2.600000 13.504269 5.800000
v -2.600000 13.504269 5.499999
v -2.500000 0.496983 6.000000
v -2.500000 0.496983 5.700000
v -2.500000 13.400620 5.800000
v -2.500000 13.400620 5.499999
v -2.400000 0.696983 5.700000
v -2.400000 0.696983 6.000000
v -2.406549 13.274263 5.800000
v -2.406549 13.274263 5.499999
v -2.300000 0.898588 6.000000
v -2.300000 0.898588 5.700000
v -2.300000 13.104269 5.800000
v -2.300000 13.104269 5.499999
v -2.200000 1.099940 6.000000
v -2.200000 1.099940 5.700000
v -2.200000 13.000620 5.800000
v -2.200000 13.000620 5.499999
v -2.100000 1.299940 6.000000
v -2.100000 1.299940 5.700000
v -2.100000 12.900620 5.800000
v -2.100000 12.900620 5.499999
v -2.000000 1.499940 6.000000
v -2.000000 1.499940 5.700000
v -2.006549 12.774263 5.800000
v -2.006549 12.774263 5.499999
v -1.900000 1.699940 6.000000
v -1.900000 1.699940 5.700000
v -1.900000 12.604269 5.800000
v -1.900000 12.604269 5.499999
v -1.800000 1.899940 6.000000
v -1.800000 1.899940 5.700000
v -1.800000 12.500620 5.800000
v -1.800000 12.500620 5.499999
v -1.700000 2.099940 6.000000
v -1.700000 2.099940 5.700000
v -1.700000 12.400620 5.800000
v -1.700000 12.400620 5.499999
v -1.600000 2.299940 5.700000
v -1.600000 2.299940 6.000000
v -1.606549 12.274263 5.800000
v -1.606549 12.274263 5.499999
v -1.500000 2.397711 6.000000
v -1.500000 2.397711 5.700000
v -1.500000 12.104269 5.800000
v -1.500000 12.104269 5.499999
v -1.400000 2.597096 6.000000
v -1.400000 2.597096 5.700000
v -1.400000 12.000620 5.800000
v -1.400000 12.000620 5.499999
v -1.300000 2.797096 6.000000
v -1.300000 2.797096 5.700000
v -1.306549 11.874263 5.800000
v -1.306549 11.874263 5.499999
v -1.200000 2.997097 6.000000
v -1.200000 2.997097 5.700000
v -1.200000 11.704269 5.800000
v -1.200000 11.704269 5.499999
v -1.100000 3.197097 6.000000
v -1.100000 3.197097 5.699999
v -1.100000 11.600620 5.800000
v -1.100000 11.600620 5.499999
v -1.000000 3.397097 5.699999
v -1.000000 3.397097 6.000000
v -1.000000 11.500620 5.800000
v -1.000000 11.500620 5.499999
v -0.900000 3.597096 6.000000
v -0.900000 3.597096 5.699999
v -0.906549 11.374263 5.800000
v -0.906549 11.374263 5.499999
v -0.800000 3.797096 6.000000
v -0.800000 3.797096 5.699999
v -0.800000 11.204269 5.800000
v -0.800000 11.204269 5.499999
v -0.700000 3.997097 5.699999
v -0.700000 3.997097 6.000000
v -0.700000 11.100620 5.800000
v -0.700000 11.100620 5.499999
v -0.600000 4.197096 6.000000
v -0.600000 4.197096 5.699999
v -0.606549 10.974057 5.897801
v -0.606549 10.974263 5.499999
v -0.500000 4.397097 6.000000
v -0.500000 4.397097 5.699999
v -0.500000 10.804268 5.900000
v -0.400000 4.597097 6.000000
v -0.400000 4.597097 5.699999
v -0.421169 10.696342 5.900000
v -0.421169 10.696342 5.599999
v -0.300000 4.697711 5.699999
v -0.300000 4.697711 6.000000
v -0.326880 10.581181 5.599999
v -0.326880 10.581181 5.900000
v -0.200000 4.897097 6.000000
v -0.200000 4.897097 5.699999
v -0.226783 10.465930 5.599999
v -0.226783 10.465930 5.900000
v -0.100000 5.097097 5.699999
v -0.100000 5.097097 6.000000
v -0.100000 10.304268 5.900000
v -0.100000 10.304268 5.599999
v 0.000000 5.297097 6.000000
v 0.000000 5.297097 5.699999
v -0.023298 10.196240 5.900000
v -0.023298 10.196240 5.599999
v 0.100000 5.497097 5.699999
v 0.100000 5.497097 6.000000
v 0.067287 10.064184 5.900000
v 0.067287 10.064184 5.599999
v 0.200000 5.697096 5.699999
v 0.200000 5.697096 6.000000
v 0.200000 9.904269 5.900000
v 0.200000 9.904269 5.599999
v 0.300000 5.897097 6.000000
v 0.300000 5.897097 5.699999
v 0.300000 9.800620 5.900000
v 0.300000 9.800620 5.599999
v 0.400000 6.097097 6.000000
v 0.400000 6.097097 5.699999
v 0.380404 9.690759 5.900000
v 0.380404 9.690759 5.599999
v 0.500000 6.297097 6.000000
v 0.500000 6.297097 5.699999
v 0.493451 9.574264 5.900000
v 0.493451 9.574264 5.599999
v 0.600000 6.497097 6.000000
v 0.600000 6.497097 5.699999
v 0.600000 9.404269 5.599999
v 0.600000 9.404269 5.900000
v 0.700000 6.697096 5.699999
v 0.700000 6.697096 6.000000
v 0.700000 9.300620 5.900000
v 0.700000 9.300620 5.599999
v 0.800000 6.797711 6.000000
v 0.800000 6.797711 5.699999
v 0.784787 9.187508 5.900000
v 0.784787 9.187508 5.599999
v 0.900000 6.505146 5.699999
v 0.900000 6.600000 5.599999
v 0.900000 6.895422 5.900000
v 0.900000 6.895422 5.699999
v 0.900000 7.000000 5.900000
v 0.900000 7.000000 5.599999
v 0.893451 9.074264 5.900000
v 0.893451 9.074264 5.599999
v 1.000000 7.198406 5.599999
v 1.000000 7.198406 5.900000
v 1.000000 8.904269 5.900000
v 1.000000 8.904269 5.599999
v 1.100000 7.398407 5.599999
v 1.100000 7.398407 5.900000
v 1.100000 8.800620 5.900000
v 1.100000 8.800620 5.599999
v 1.200000 7.598406 5.900000
v 1.200000 7.598406 5.599999
v 1.193451 8.674263 5.900000
v 1.193451 8.674263 5.599999
v 1.300000 7.798407 5.900000
v 1.300000 7.798407 5.599999
v 1.300000 8.504269 5.900000
v 1.300000 8.504269 5.599999
v 1.400000 7.998407 5.599999
v 1.400000 7.998407 5.900000
v 1.500072 8.300001 5.900000
v 1.500072 8.300001 5.599999
v 1.400000 8.400000 5.900000
v 1.400000 8.400000 5.599999
v 1.500000 8.095421 5.900000
v 1.500000 8.095421 5.599999
v 1.500000 8.497683 5.900000
v 1.500000 8.497683 5.599999
v 1.600000 8.494064 5.900000
v 1.600000 8.494064 5.599999
v 1.700000 8.598854 5.900000
v 1.700000 8.598854 5.599999
v 1.800000 8.798855 5.900000
v 1.800000 8.798855 5.599999
v 1.900000 8.998856 5.900000
v 1.900000 8.998856 5.599999
v 2.000000 9.097711 5.900000
v 2.000000 9.097711 5.599999
v 2.100000 9.298855 5.900000
v 2.100000 9.298855 5.599999
v 2.200000 9.499760 5.900000
v 2.200000 9.499760 5.599999
v 2.300000 9.699759 5.900000
v 2.300000 9.699759 5.599999
v 2.400000 9.899758 5.900000
v 2.400000 9.899758 5.599999
v 2.500000 10.099758 5.900000
v 2.500000 10.099758 5.599999
v 2.600000 10.299759 5.900000
v 2.600000 10.299759 5.599999
v 2.700000 10.499760 5.900000
v 2.700000 10.499760 5.599999
v 2.800000 10.699759 5.900000
v 2.800000 10.699759 5.599999
v 2.900000 10.899092 5.599999
v 2.900000 10.899092 5.900000
v 3.000000 11.099092 5.900000
v 3.000000 11.099092 5.599999
v 3.100000 11.197711 5.900000
v 3.100000 11.197711 5.599999
v 3.200000 11.399092 5.599999
v 3.200000 11.399092 5.900000
v 3.300000 11.599092 5.900000
v 3.300000 11.599092 5.599999
v 3.400000 11.799093 5.900000
v 3.400000 11.799093 5.599999
v 3.500000 11.999092 5.900000
v 3.500000 11.999092 5.599999
v 3.600000 12.199091 5.900000
v 3.600000 12.199091 5.599999
v 3.700000 12.399178 5.599999
v 3.700000 12.399178 5.900000
v 3.800000 12.599178 5.599999
v 3.800000 12.599178 5.900000
v 3.900000 12.799179 5.900000
v 3.900000 12.799179 5.599999
v 4.000000 12.998703 5.900000
v 4.000000 12.998703 5.599999
v 4.100000 13.198313 5.900000
v 4.100000 13.198313 5.599999
v 4.200000 13.397427 5.900000
v 4.200000 13.397427 5.599999
v 4.300000 13.497710 5.900000
v 4.300000 13.497710 5.599999
v 4.600000 13.200000 5.900000
v 4.600000 13.200000 5.599999
v 4.600000 13.595421 5.900000
v 4.600000 13.595421 5.599999
v -2.600000 13.798144 5.800000
v -2.600000 13.798144 5.499999
v -2.500000 13.700701 5.499999
v -2.500000 13.700701 5.800000
v -2.358746 13.528163 5.800000
v -2.358746 13.528163 5.499999
v -2.300000 0.002573 6.000000
v -2.300000 0.002573 5.700000
v -2.300000 13.398144 5.800000
v -2.300000 13.398144 5.499999
v -2.200000 0.103399 5.700000
v -2.200000 0.103399 6.000000
v -2.200000 13.300702 5.499999
v -2.200000 13.300702 5.800000
v -2.100000 0.303399 6.000000
v -2.100000 0.303399 5.700000
v -2.058746 13.128163 5.800000
v -2.058746 13.128163 5.499999
v -2.000000 0.503399 6.000000
v -2.000000 0.503399 5.700000
v -2.000000 12.998144 5.800000
v -2.000000 12.998144 5.499999
v -1.900000 0.703399 6.000000
v -1.900000 0.703399 5.700000
v -1.900000 12.898144 5.800000
v -1.900000 12.898144 5.499999
v -1.800000 0.903400 6.000000
v -1.800000 0.903399 5.700000
v -1.800000 12.800702 5.800000
v -1.800000 12.800702 5.499999
v -1.700000 1.103400 6.000000
v -1.700000 1.103400 5.700000
v -1.658746 12.628163 5.800000
v -1.658746 12.628163 5.499999
v -1.600000 1.303399 6.000000
v -1.600000 1.303399 5.700000
v -1.600000 12.498144 5.800000
v -1.600000 12.498144 5.499999
v -1.500000 1.503400 6.000000
v -1.500000 1.503400 5.700000
v -1.500000 12.398144 5.800000
v -1.500000 12.398144 5.499999
v -1.400000 1.703400 6.000000
v -1.400000 1.703400 5.700000
v -1.400000 12.300702 5.800000
v -1.400000 12.300702 5.499999
v -1.300000 1.903399 5.700000
v -1.300000 1.903399 6.000000
v -1.258746 12.128163 5.800000
v -1.258746 12.128163 5.499999
v -1.200000 2.102573 6.000000
v -1.200000 2.102573 5.700000
v -1.200000 11.998144 5.499999
v -1.200000 11.998144 5.800000
v -1.100000 2.203400 6.000000
v -1.100000 2.203400 5.700000
v -1.100000 11.900701 5.499999
v -1.100000 11.900701 5.800000
v -1.000000 2.403399 6.000000
v -1.000000 2.403399 5.700000
v -0.974544 11.732623 5.499999
v -0.974544 11.732623 5.800000
v -0.900000 2.603399 6.000000
v -0.900000 2.603399 5.700000
v -0.900000 11.598145 5.499999
v -0.900000 11.598145 5.800000
v -0.800000 2.803400 6.000000
v -0.800000 2.803400 5.700000
v -0.800000 11.498144 5.800000
v -0.800000 11.498144 5.499999
v -0.700000 3.003400 6.000000
v -0.700000 3.003400 5.700000
v -0.700000 11.400701 5.800000
v -0.700000 11.400701 5.499999
v -0.600000 3.203400 6.000000
v -0.600000 3.203400 5.699999
v -0.600000 11.198145 5.499999
v -0.600000 11.198145 5.800000
v -0.500000 3.403399 6.000000
v -0.500000 3.403399 5.699999
v -0.500000 10.804268 5.599036
v -0.474544 11.034478 5.893406
v -0.468076 11.013638 5.598073
v -0.442620 11.049443 5.800000
v -0.400000 3.603399 6.000000
v -0.400000 3.603399 5.699999
v -0.400000 10.902773 5.599999
v -0.400000 10.902773 5.900000
v -0.300000 3.803400 5.699999
v -0.300000 3.803400 6.000000
v -0.274544 10.734694 5.900000
v -0.274544 10.734694 5.599999
v -0.200000 4.003399 6.000000
v -0.200000 4.003399 5.699999
v -0.179926 10.623595 5.900000
v -0.179926 10.623595 5.599999
v -0.100000 4.203400 5.699999
v -0.100000 4.203400 6.000000
v -0.100000 10.500216 5.900000
v -0.100000 10.500216 5.599999
v 0.000000 4.402574 6.000000
v 0.000000 4.402574 5.699999
v 0.000000 10.402773 5.900000
v 0.000000 10.402773 5.599999
v 0.100000 4.503399 6.000000
v 0.100000 4.503399 5.699999
v 0.125456 10.234694 5.900000
v 0.125456 10.234694 5.599999
v 0.200000 4.703400 5.699999
v 0.200000 4.703400 6.000000
v 0.212644 10.121892 5.900000
v 0.212644 10.121892 5.599999
v 0.300000 4.903400 6.000000
v 0.300000 4.903400 5.699999
v 0.300000 10.002773 5.900000
v 0.300000 10.002773 5.599999
v 0.400000 5.103400 5.699999
v 0.400000 5.103400 6.000000
v 0.425456 9.834695 5.900000
v 0.425456 9.834695 5.599999
v 0.500000 5.303400 6.000000
v 0.500000 5.303400 5.699999
v 0.519115 9.713689 5.599999
v 0.519115 9.713689 5.900000
v 0.600000 5.503399 6.000000
v 0.600000 5.503399 5.699999
v 0.600000 9.600216 5.599999
v 0.600000 9.600216 5.900000
v 0.700000 5.703400 6.000000
v 0.700000 5.703400 5.699999
v 0.700000 9.502773 5.900000
v 0.700000 9.502773 5.599999
v 0.800000 5.903400 5.699999
v 0.800000 5.903400 6.000000
v 0.825456 9.334695 5.599999
v 0.825456 9.334695 5.900000
v 0.900000 6.103400 6.000000
v 0.900000 6.103400 5.699999
v 0.914915 9.222684 5.900000
v 0.914915 9.222684 5.599999
v 1.000000 6.303400 6.000000
v 1.000000 6.303400 5.699999
v 1.000000 9.100216 5.900000
v 1.000000 9.100216 5.599999
v 1.100000 6.500000 6.000000
v 1.100000 6.502573 5.699999
v 1.100000 6.505146 5.900000
v 1.100000 6.800001 6.000000
v 1.100000 6.895422 5.900000
v 1.100000 9.002773 5.900000
v 1.100000 9.002773 5.599999
v 1.200000 6.600653 5.900000
v 1.200000 6.600653 5.599999
v 1.225456 8.834695 5.599999
v 1.225456 8.834695 5.900000
v 1.300000 6.801181 5.900000
v 1.300000 6.801181 5.599999
v 1.300000 8.700216 5.900000
v 1.300000 8.700216 5.599999
v 1.400000 7.001181 5.900000
v 1.400000 7.001181 5.599999
v 1.400000 8.602773 5.900000
v 1.400000 8.602773 5.599999
v 1.500000 7.201181 5.599999
v 1.500000 7.201181 5.900000
v 1.600000 7.401182 5.599999
v 1.600000 7.401182 5.900000
v 1.700000 7.601182 5.900000
v 1.700000 7.601182 5.599999
v 1.800000 7.801181 5.900000
v 1.800000 7.801181 5.599999
v 1.900000 8.001181 5.599999
v 1.900000 8.001181 5.900000
v 2.000000 8.201180 5.900000
v 2.000000 8.201180 5.599999
v 2.100000 8.401180 5.900000
v 2.100000 8.401180 5.599999
v 2.200000 8.601181 5.599999
v 2.200000 8.601181 5.900000
v 2.300000 8.802573 5.599999
v 2.300000 8.802573 5.900000
v 2.400000 8.901180 5.900000
v 2.400000 8.901180 5.599999
v 2.500000 9.101181 5.900000
v 2.500000 9.101181 5.599999
v 2.600000 9.301182 5.900000
v 2.600000 9.301182 5.599999
v 2.700000 9.501181 5.900000
v 2.700000 9.501181 5.599999
v 2.800000 9.701180 5.900000
v 2.800000 9.701180 5.599999
v 2.900000 9.901180 5.900000
v 2.900000 9.901180 5.599999
v 3.000000 10.101181 5.900000
v 3.000000 10.101181 5.599999
v 3.100000 10.300579 5.900000
v 3.100000 10.300579 5.599999
v 3.200000 10.500578 5.599999
v 3.200000 10.500578 5.900000
v 3.300000 10.700579 5.900000
v 3.300000 10.700579 5.599999
v 3.400000 10.902573 5.900000
v 3.400000 10.902573 5.599999
v 3.500000 11.000578 5.599999
v 3.500000 11.000578 5.900000
v 3.600000 11.200579 5.900000
v 3.600000 11.200579 5.599999
v 3.700000 11.402152 5.900000
v 3.700000 11.402152 5.599999
v 3.800000 11.602153 5.900000
v 3.800000 11.602153 5.599999
v 3.900000 11.802153 5.900000
v 3.900000 11.802153 5.599999
v 4.000000 12.002151 5.599999
v 4.000000 12.002151 5.900000
v 4.100000 12.202151 5.900000
v 4.100000 12.202151 5.599999
v 4.200000 12.402152 5.900000
v 4.200000 12.402152 5.599999
v 4.300000 12.602153 5.900000
v 4.300000 12.602153 5.599999
v 4.400001 12.802153 5.900000
v 4.400001 12.802153 5.599999
v 4.500000 13.002151 5.900000
v 4.500000 13.002151 5.599999
vn -1.0000 -0.0000 -0.0000
vn -1.0000 -0.0001 -0.0000
vn 1.0000 -0.0000 -0.0000
vn 1.0000 -0.0001 -0.0000
vn -0.0000 -0.0000 1.0000
vn 0.0001 -0.0000 1.0000
vn -0.0000 -0.6974 0.7167
vn -0.0000 -0.0000 -1.0000
vn -0.0000 -0.6823 -0.7311
vn 0.0001 -0.0000 -1.0000
vn -0.0000 -1.0000 -0.0000
vn -0.0000 -0.7392 0.6735
vn -0.0000 -0.7392 -0.6735
vn -0.0000 -1.0000 0.0004
vn -0.0000 -1.0000 -0.0002
vn -0.0000 1.0000 -0.0000
vn 0.6737 0.7390 -0.0000
vn -0.0235 0.9997 -0.0000
vn -0.0238 0.9997 -0.0000
vn -0.7068 -0.7074 -0.0000
vn 0.5837 -0.8090 0.0699
vn 0.0019 -0.0035 1.0000
vn 0.0006 -0.0076 1.0000
vn 0.0075 0.0135 -0.9999
vn -0.0968 -0.7212 0.6859
vn -0.2828 -0.6704 0.6859
vn -0.0515 -0.0560 0.9971
vn -0.0470 0.2092 0.9767
vn -0.2284 0.2998 0.9263
vn 0.4422 0.3105 0.8415
vn 0.2514 0.6177 0.7451
vn 0.6452 0.6884 0.3314
vn 0.0008 -0.0027 -1.0000
vn 0.0033 -0.0011 -1.0000
vn 0.0019 -0.0009 -1.0000
vn 0.0039 -0.0022 -1.0000
vn 0.0125 0.0731 -0.9972
vn 0.1019 -0.0047 -0.9948
vn 0.5769 -0.0514 -0.8152
vn 0.5113 -0.0806 -0.8556
vn 0.6882 -0.7255 -0.0000
vn 0.8881 -0.4596 -0.0000
vn 0.8867 -0.4624 -0.0000
vn 0.8855 -0.4647 -0.0000
vn 0.7974 -0.6034 -0.0000
vn 0.7974 -0.6035 -0.0000
vn 0.8881 -0.4597 -0.0000
vn 0.8860 -0.4637 0.0014
vn 0.8874 -0.4610 0.0001
vn 0.8844 -0.4667 0.0022
vn 0.3939 -0.8305 -0.3939
vn 0.6881 -0.7256 -0.0000
vn -0.0000 -0.7255 -0.6882
vn 0.8933 -0.4495 -0.0000
vn 0.8929 -0.4503 -0.0000
vn 0.8926 -0.4509 -0.0000
vn 0.8923 -0.4515 -0.0000
vn 1.0000 0.0004 -0.0000
vn -0.7115 -0.7027 -0.0000
vn 0.8923 -0.4514 -0.0000
vn -0.8181 -0.5751 -0.0000
vn -0.8446 -0.5354 -0.0000
vn -0.8265 -0.5629 -0.0000
vn -0.8446 -0.5354 0.0003
vn -0.8446 -0.5353 0.0003
vn 0.8907 -0.4546 -0.0000
vn 0.8895 -0.4569 -0.0000
vn -0.7615 -0.6481 -0.0000
vn -0.7616 -0.6481 -0.0000
vn 0.8001 -0.5998 -0.0000
vn 0.8001 -0.5999 -0.0000
vn -0.7608 -0.6490 -0.0000
vn -0.8446 -0.5353 -0.0000
vn -0.7886 -0.6149 -0.0000
vn -0.7663 -0.6425 -0.0000
vn -0.7594 -0.6506 -0.0000
vn -0.7595 -0.6505 -0.0000
vn -0.7581 -0.6521 -0.0000
vn -0.7868 -0.6172 -0.0000
vn -0.7682 -0.6402 -0.0000
vn -0.7632 -0.6462 -0.0000
vn -0.7631 -0.6462 -0.0000
vn -0.7114 -0.7028 -0.0000
vn -0.8118 -0.5839 -0.0000
vn -0.7655 -0.6435 -0.0000
vn -0.7979 -0.6028 -0.0000
vn -0.7654 -0.6435 0.0004
vn -0.7655 -0.6435 0.0003
vn -0.8188 -0.5740 -0.0000
vn -0.8188 -0.5741 -0.0000
vn -0.8093 -0.5874 -0.0000
vn -0.8093 -0.5875 -0.0000
vn 0.8929 -0.4502 -0.0000
vn -0.7658 -0.6430 -0.0000
vn -0.7831 -0.6219 -0.0000
vn -0.7712 -0.6366 -0.0000
vn -0.7831 -0.6220 0.0004
vn -0.7831 -0.6219 0.0003
vn -0.7684 -0.6400 -0.0000
vn 0.8934 -0.4493 -0.0000
vn 0.8934 -0.4492 -0.0000
vn -0.7896 -0.6137 -0.0000
vn -0.8013 -0.5983 0.0001
vn -0.8013 -0.5983 -0.0000
vn 0.8917 -0.4526 -0.0000
vn 0.8906 -0.4548 -0.0000
vn -0.8447 -0.5352 0.0004
vn -0.8449 -0.5349 -0.0000
vn -0.8307 -0.5568 0.0002
vn 0.8009 -0.5989 -0.0000
vn 0.8008 -0.5989 -0.0000
vn -0.8234 -0.5675 0.0001
vn -0.7615 -0.6482 -0.0000
vn -0.7687 -0.6396 -0.0000
vn -0.8263 -0.5633 -0.0000
vn 0.8921 -0.4518 -0.0000
vn 0.8912 -0.4536 -0.0000
vn 0.8905 -0.4550 -0.0000
vn -0.7695 -0.6386 -0.0000
vn -0.8896 -0.4567 -0.0000
vn -0.8097 -0.5868 -0.0000
vn -0.8896 -0.4568 0.0005
vn -0.8896 -0.4568 0.0004
vn -0.8888 0.4582 -0.0000
vn -0.8896 0.4566 -0.0000
vn -0.8906 0.4547 -0.0000
vn -0.8925 0.4511 -0.0000
vn -0.8932 0.4496 -0.0000
vn -0.8944 0.4473 -0.0000
vn -0.8943 0.4474 -0.0000
vn -0.8944 0.4472 -0.0000
vn -0.8943 0.4475 -0.0000
vn -0.6903 0.7235 -0.0000
vn -0.7991 0.6012 -0.0000
vn -0.7991 0.6011 -0.0000
vn -0.8867 0.4623 -0.0000
vn -0.8878 0.4603 -0.0000
vn -0.8890 0.4578 -0.0000
vn -0.6904 0.7235 -0.0000
vn -0.3955 0.8290 0.3955
vn -0.0000 0.7235 0.6904
vn -0.3955 0.8289 0.3955
vn -0.8915 0.4530 -0.0000
vn -0.8915 0.4529 -0.0000
vn 0.0569 0.9984 -0.0000
vn -0.3608 0.9326 -0.0000
vn -0.7114 0.7028 -0.0000
vn -0.3609 0.9326 -0.0000
vn 0.7350 0.6780 -0.0000
vn -0.8924 0.4513 -0.0000
vn 0.7975 0.6034 -0.0000
vn 0.7057 0.7085 -0.0000
vn 0.7055 0.7087 -0.0000
vn 0.8408 0.5413 -0.0000
vn 0.8046 0.5938 -0.0000
vn 0.8047 0.5937 -0.0000
vn -0.8012 0.5984 -0.0000
vn -0.8013 0.5983 -0.0000
vn -0.8013 0.5982 -0.0000
vn 0.7659 0.6429 -0.0000
vn -0.8902 0.4556 -0.0000
vn -0.8916 0.4529 -0.0000
vn 0.8005 0.5994 -0.0000
vn 0.8005 0.5993 -0.0000
vn 0.7926 0.6098 -0.0000
vn 0.7925 0.6099 -0.0000
vn -0.8940 0.4480 -0.0000
vn 0.7620 0.6475 -0.0000
vn 0.7056 0.7086 -0.0000
vn 0.7621 0.6475 -0.0000
vn 0.8015 0.5980 -0.0000
vn 0.7972 0.6037 -0.0000
vn 0.8099 0.5866 -0.0000
vn 0.8082 0.5889 -0.0000
vn -0.8940 0.4482 -0.0000
vn 0.8007 0.5990 -0.0000
vn 0.8007 0.5991 -0.0000
vn 0.7974 0.6035 -0.0000
vn 0.7973 0.6035 -0.0000
vn 0.7974 0.6034 -0.0000
vn -0.8941 0.4479 -0.0000
vn 0.7763 0.6303 -0.0000
vn 0.7762 0.6305 -0.0000
vn -0.8934 0.4493 -0.0000
vn -0.8930 0.4500 -0.0000
vn 0.8008 0.5990 -0.0000
vn 0.7829 0.6221 -0.0000
vn 0.7829 0.6222 -0.0000
vn -0.8928 0.4505 -0.0000
vn 0.8047 0.5936 -0.0000
vn 0.0804 0.9358 0.3433
vn 0.7789 0.4728 0.4121
vn 0.5858 0.3350 0.7379
vn 0.5858 0.3350 0.7380
vn 0.7789 0.4728 0.4120
vn 0.8599 0.5105 -0.0056
vn 0.8535 0.5210 -0.0001
vn -0.8015 0.5980 -0.0000
vn -0.8016 0.5979 -0.0000
vn 0.6840 0.7295 -0.0000
vn 0.8403 0.5069 -0.1923
vn 0.8402 0.5069 -0.1924
vn -0.8904 0.4553 -0.0000
vn -0.8914 0.4533 -0.0000
vn 0.8930 0.4500 -0.0000
vn 0.6936 0.7203 -0.0000
vn 0.7878 0.6160 -0.0000
vn 0.8325 0.5541 -0.0000
vn 0.8325 0.5540 -0.0000
vn 0.7968 0.6042 -0.0000
vn 0.8123 0.5833 -0.0000
vn -0.8928 0.4504 -0.0000
vn -0.8929 0.4503 -0.0000
vn 0.8424 0.5389 -0.0000
vn 0.7690 0.6393 -0.0000
vn 0.8423 0.5390 -0.0000
vn -0.8929 0.4502 -0.0000
vn 0.6936 0.7204 -0.0000
vn 0.8124 0.5830 -0.0000
vn 0.8125 0.5830 -0.0000
vn -0.8926 0.4508 -0.0000
vn -0.8923 0.4514 -0.0000
vn -0.8918 0.4524 -0.0000
vn -0.8907 0.4546 -0.0000
vn -0.8904 0.4551 -0.0000
vn -0.8897 0.4566 -0.0000
vn -0.3031 0.9530 -0.0000
vn 0.7689 0.6393 -0.0000
vn -0.0000 0.7235 0.6903
vn 0.8046 0.5939 -0.0000
vt 0.591797 0.500000
vt 0.962891 0.500000
vt 0.373047 0.500000
s 1
usemtl palette.005
f 4/1/1 1/1/1 3/1/1
f 2/1/1 4/1/1 3/1/1
f 2/1/1 5/1/1 4/1/1
f 18/1/1 6/1/1 17/1/1
f 22/2/1 7/2/1 21/2/1
f 25/1/1 8/1/1 24/1/1
f 28/2/1 9/2/1 27/2/1
f 10/1/1 5/1/1 2/1/1
f 10/1/1 11/1/1 5/1/1
f 34/2/1 12/2/1 33/2/1
f 38/1/1 13/1/1 37/1/1
f 42/2/1 14/2/1 41/2/1
f 46/1/1 15/1/1 45/1/1
f 16/1/1 19/1/1 18/1/1
f 16/1/1 18/1/1 17/1/1
f 20/2/1 23/2/1 22/2/1
f 20/2/1 22/2/1 21/2/1
f 53/1/1 54/1/1 25/1/1
f 53/1/1 25/1/1 24/1/1
f 26/2/1 29/2/1 28/2/1
f 26/2/1 28/2/1 27/2/1
f 30/1/1 31/1/1 11/1/1
f 30/1/1 11/1/1 10/1/1
f 32/2/1 35/2/1 34/2/1
f 32/2/1 34/2/1 33/2/1
f 36/1/1 39/1/1 38/1/1
f 36/1/1 38/1/1 37/1/1
f 40/2/1 43/2/1 42/2/1
f 40/2/1 42/2/1 41/2/1
f 44/1/1 47/1/1 46/1/1
f 44/1/1 46/1/1 45/1/1
f 48/1/1 49/1/1 19/1/1
f 48/1/1 19/1/1 16/1/1
f 50/2/1 51/2/1 23/2/1
f 50/2/1 23/2/1 20/2/1
f 52/1/1 55/1/1 54/1/1
f 52/1/1 54/1/1 53/1/1
f 56/2/1 57/2/1 29/2/1
f 56/2/1 29/2/1 26/2/1
f 58/1/1 59/1/1 31/1/1
f 58/1/1 31/1/1 30/1/1
f 60/2/1 61/2/1 35/2/1
f 60/2/1 35/2/1 32/2/1
f 62/1/1 63/1/1 39/1/1
f 62/1/1 39/1/1 36/1/1
f 64/2/1 65/2/1 43/2/1
f 64/2/1 43/2/1 40/2/1
f 66/1/1 67/1/1 47/1/1
f 66/1/1 47/1/1 44/1/1
f 70/2/1 48/2/1 68/2/1
f 71/1/1 49/1/1 48/1/1
f 71/2/1 48/2/1 70/2/1
f 72/2/1 51/2/1 50/2/1
f 72/1/1 49/1/1 71/1/1
f 72/2/1 50/2/1 49/2/1
f 72/2/1 52/2/1 51/2/1
f 73/1/1 55/1/1 52/1/1
f 73/2/1 52/2/1 72/2/1
f 74/2/1 57/2/1 56/2/1
f 74/1/1 55/1/1 73/1/1
f 74/2/1 56/2/1 55/2/1
f 74/2/1 58/2/1 57/2/1
f 75/1/1 59/1/1 58/1/1
f 75/2/1 58/2/1 74/2/1
f 76/2/1 61/2/1 60/2/1
f 76/1/1 59/1/1 75/1/1
f 76/2/1 62/2/1 61/2/1
f 76/2/1 60/2/1 59/2/1
f 77/1/1 63/1/1 62/1/1
f 77/2/1 62/2/1 76/2/1
f 78/2/1 65/2/1 64/2/1
f 78/1/1 63/1/1 77/1/1
f 78/2/1 64/2/1 63/2/1
f 78/2/1 66/2/1 65/2/1
f 79/1/1 67/1/1 66/1/1
f 79/2/1 66/2/1 78/2/1
f 80/2/1 69/2/1 67/2/1
f 80/1/1 67/1/1 79/1/1
f 81/2/1 69/2/1 80/2/1
f 94/2/1 83/2/1 82/2/1
f 95/1/1 84/1/1 83/1/1
f 95/2/1 83/2/1 94/2/1
f 96/2/1 85/2/1 84/2/1
f 96/1/1 84/1/1 95/1/1
f 97/1/1 86/1/1 85/1/1
f 97/2/1 85/2/1 96/2/1
f 98/2/1 87/2/1 86/2/1
f 98/1/1 86/1/1 97/1/1
f 99/1/1 88/1/1 87/1/1
f 99/2/1 87/2/1 98/2/1
f 100/2/1 89/2/1 88/2/1
f 100/1/1 88/1/1 99/1/1
f 101/1/1 90/1/1 89/1/1
f 101/2/1 89/2/1 100/2/1
f 102/2/1 91/2/1 90/2/1
f 102/1/1 90/1/1 101/1/1
f 103/1/1 92/1/1 91/1/1
f 103/2/1 91/2/1 102/2/1
f 104/2/1 93/2/1 92/2/1
f 104/1/1 92/1/1 103/1/1
f 105/2/1 93/2/1 104/2/1
f 114/3/1 111/3/1 110/3/1
f 115/3/1 113/3/1 112/3/1
f 116/3/1 114/3/1 110/3/1
f 116/3/1 115/3/1 114/3/1
f 117/3/1 113/3/1 115/3/1
f 117/3/1 115/3/1 116/3/1
f 118/3/1 116/3/1 110/3/1
f 119/3/1 116/3/1 118/3/1
f 120/3/1 113/3/1 117/3/1
f 121/3/1 113/3/1 120/3/1
f 126/3/1 123/3/1 122/3/1
f 127/3/1 123/3/1 126/3/1
f 128/3/1 125/3/1 124/3/1
f 129/3/1 125/3/1 128/3/1
f 130/3/1 128/3/1 127/3/1
f 131/3/2 128/3/1 130/3/1
f 132/3/1 128/3/1 131/3/2
f 133/3/1 128/3/1 132/3/1
f 134/3/1 128/3/1 133/3/1
f 135/3/1 128/3/1 134/3/1
f 136/3/1 128/3/1 135/3/1
f 137/3/1 128/3/1 136/3/1
f 138/3/1 128/3/1 137/3/1
f 139/3/1 128/3/1 138/3/1
f 140/3/1 128/3/1 139/3/1
f 141/3/1 128/3/1 140/3/1
f 154/2/1 143/2/1 142/2/1
f 155/1/1 144/1/1 143/1/1
f 155/2/1 143/2/1 154/2/1
f 156/2/1 145/2/1 144/2/1
f 156/1/1 144/1/1 155/1/1
f 157/1/1 146/1/1 145/1/1
f 157/2/1 145/2/1 156/2/1
f 158/2/1 147/2/1 146/2/1
f 158/1/1 146/1/1 157/1/1
f 159/1/1 148/1/1 147/1/1
f 159/2/1 147/2/1 158/2/1
f 160/2/1 149/2/1 148/2/1
f 160/1/1 148/1/1 159/1/1
f 161/1/1 150/1/1 149/1/1
f 161/2/1 149/2/1 160/2/1
f 162/2/1 151/2/1 150/2/1
f 162/1/1 150/1/1 161/1/1
f 163/1/1 152/1/1 151/1/1
f 163/2/1 151/2/1 162/2/1
f 164/2/1 153/2/1 152/2/1
f 164/1/1 152/1/1 163/1/1
f 165/2/1 153/2/1 164/2/1
f 178/2/1 167/2/1 166/2/1
f 179/1/1 168/1/1 167/1/1
f 179/2/1 167/2/1 178/2/1
f 180/2/1 169/2/1 168/2/1
f 180/1/1 168/1/1 179/1/1
f 181/1/1 170/1/1 169/1/1
f 181/2/1 169/2/1 180/2/1
f 182/2/1 171/2/1 170/2/1
f 182/1/1 170/1/1 181/1/1
f 183/1/1 172/1/1 171/1/1
f 183/2/1 171/2/1 182/2/1
f 184/2/1 173/2/1 172/2/1
f 184/1/1 172/1/1 183/1/1
f 185/1/1 174/1/1 173/1/1
f 185/2/1 173/2/1 184/2/1
f 186/2/1 175/2/1 174/2/1
f 186/1/1 174/1/1 185/1/1
f 187/1/1 176/1/1 175/1/1
f 187/2/1 175/2/1 186/2/1
f 188/2/1 177/2/1 176/2/1
f 188/1/1 176/1/1 187/1/1
f 189/2/1 177/2/1 188/2/1
f 191/1/3 190/1/3 192/1/3
f 191/1/3 192/1/3 198/1/3
f 192/1/3 199/1/3 198/1/3
f 205/1/3 193/1/3 206/1/3
f 209/2/3 194/2/3 210/2/3
f 213/1/3 195/1/3 214/1/3
f 216/2/3 196/2/3 217/2/3
f 198/1/3 199/1/3 197/1/3
f 199/1/3 219/1/3 197/1/3
f 222/2/3 200/2/3 223/2/3
f 226/1/3 201/1/3 227/1/3
f 230/2/3 202/2/3 231/2/3
f 233/1/3 203/1/3 234/1/3
f 206/1/3 207/1/3 204/1/3
f 205/1/3 206/1/3 204/1/3
f 210/2/3 211/2/3 208/2/3
f 209/2/3 210/2/3 208/2/3
f 214/1/3 215/1/3 212/1/3
f 213/1/3 214/1/3 212/1/3
f 217/2/3 241/2/3 240/2/3
f 216/2/3 217/2/3 240/2/3
f 219/1/3 220/1/3 218/1/3
f 197/1/3 219/1/3 218/1/3
f 223/2/3 224/2/3 221/2/3
f 222/2/3 223/2/3 221/2/3
f 227/1/3 228/1/3 225/1/3
f 226/1/3 227/1/3 225/1/3
f 231/2/3 232/2/3 229/2/3
f 230/2/3 231/2/3 229/2/3
f 234/1/3 235/1/3 248/1/3
f 233/1/3 234/1/3 248/1/3
f 207/1/3 237/1/3 236/1/3
f 204/1/3 207/1/3 236/1/3
f 211/2/3 250/2/3 238/2/3
f 208/2/3 211/2/3 238/2/3
f 215/1/3 252/1/3 251/1/3
f 212/1/3 215/1/3 251/1/3
f 241/2/3 242/2/3 239/2/3
f 240/2/3 241/2/3 239/2/3
f 220/1/3 243/1/3 253/1/3
f 218/1/3 220/1/3 253/1/3
f 224/2/3 245/2/3 244/2/3
f 221/2/3 224/2/3 244/2/3
f 228/1/3 255/1/3 254/1/3
f 225/1/3 228/1/3 254/1/3
f 232/2/3 247/2/3 246/2/3
f 229/2/3 232/2/3 246/2/3
f 235/1/3 249/1/3 256/1/3
f 248/1/3 235/1/3 256/1/3
f 257/3/3 258/3/3 259/3/3
f 259/3/3 258/3/3 263/3/3
f 260/3/4 261/3/3 263/3/3
f 258/3/3 260/3/4 263/3/3
f 263/3/3 261/3/3 264/3/3
f 264/3/3 261/3/3 265/3/3
f 265/3/3 261/3/3 266/3/3
f 266/3/3 261/3/3 267/3/3
f 267/3/3 261/3/3 268/3/3
f 268/3/3 261/3/3 269/3/3
f 269/3/3 261/3/3 270/3/3
f 270/3/3 261/3/3 271/3/3
f 271/3/3 261/3/3 272/3/3
f 272/3/3 261/3/3 273/3/3
f 273/3/3 261/3/3 274/3/3
f 287/2/3 288/2/3 299/2/3
f 288/1/3 289/1/3 300/1/3
f 299/2/3 288/2/3 300/2/3
f 289/2/3 290/2/3 301/2/3
f 300/1/3 289/1/3 301/1/3
f 290/1/3 291/1/3 302/1/3
f 301/2/3 290/2/3 302/2/3
f 291/2/3 292/2/3 303/2/3
f 302/1/3 291/1/3 303/1/3
f 292/1/3 293/1/3 304/1/3
f 303/2/3 292/2/3 304/2/3
f 293/2/3 294/2/3 305/2/3
f 304/1/3 293/1/3 305/1/3
f 294/1/3 295/1/3 306/1/3
f 305/2/3 294/2/3 306/2/3
f 295/2/3 296/2/3 307/2/3
f 306/1/3 295/1/3 307/1/3
f 296/1/3 297/1/3 308/1/3
f 307/2/3 296/2/3 308/2/3
f 297/2/3 298/2/3 309/2/3
f 308/1/3 297/1/3 309/1/3
f 309/2/3 298/2/3 310/2/3
f 311/2/5 70/2/5 68/2/5
f 82/2/5 70/2/5 311/2/5
f 126/3/6 82/3/5 311/3/5
f 312/2/5 94/2/5 82/2/5
f 312/3/5 82/3/5 126/3/6
f 313/2/5 94/2/5 312/2/5
f 314/3/5 122/3/5 118/3/5
f 314/3/5 126/3/6 122/3/5
f 314/3/5 313/3/5 312/3/5
f 314/3/5 312/3/5 126/3/6
f 314/3/5 118/3/5 110/3/5
f 282/2/5 94/2/5 313/2/5
f 282/3/5 313/3/5 314/3/5
f 287/2/5 282/2/5 314/2/5
f 299/2/5 282/2/5 287/2/5
f 193/1/7 17/1/7 6/1/7
f 205/1/7 17/1/7 193/1/7
f 194/2/7 21/2/7 7/2/7
f 209/2/7 21/2/7 194/2/7
f 195/1/7 24/1/7 8/1/7
f 213/1/7 24/1/7 195/1/7
f 196/2/7 27/2/7 9/2/7
f 216/2/7 27/2/7 196/2/7
f 190/1/7 3/1/7 1/1/7
f 191/1/7 3/1/7 190/1/7
f 200/2/7 33/2/7 12/2/7
f 222/2/7 33/2/7 200/2/7
f 201/1/7 37/1/7 13/1/7
f 226/1/7 37/1/7 201/1/7
f 202/2/7 41/2/7 14/2/7
f 230/2/7 41/2/7 202/2/7
f 203/1/7 45/1/7 15/1/7
f 233/1/7 45/1/7 203/1/7
f 128/3/5 274/3/5 261/3/5
f 141/3/5 274/3/5 128/3/5
f 153/3/5 115/3/5 112/3/5
f 165/3/5 115/3/5 153/3/5
f 177/3/5 124/3/5 120/3/5
f 177/3/5 120/3/5 117/3/5
f 177/3/5 128/3/5 124/3/5
f 189/3/5 128/3/5 177/3/5
f 259/3/8 263/3/8 127/3/8
f 127/3/8 263/3/8 130/3/8
f 111/3/8 114/3/8 142/3/8
f 142/3/8 114/3/8 154/3/8
f 119/3/8 123/3/8 166/3/8
f 116/3/8 119/3/8 166/3/8
f 123/3/8 127/3/8 166/3/8
f 166/3/8 127/3/8 178/3/8
f 6/1/9 18/1/9 193/1/9
f 193/1/9 18/1/9 206/1/9
f 7/2/9 22/2/9 194/2/9
f 194/2/9 22/2/9 210/2/9
f 8/1/9 25/1/9 195/1/9
f 195/1/9 25/1/9 214/1/9
f 9/2/9 28/2/9 196/2/9
f 196/2/9 28/2/9 217/2/9
f 1/1/9 4/1/9 190/1/9
f 190/1/9 4/1/9 192/1/9
f 12/2/9 34/2/9 200/2/9
f 200/2/9 34/2/9 223/2/9
f 13/1/9 38/1/9 201/1/9
f 201/1/9 38/1/9 227/1/9
f 14/2/9 42/2/9 202/2/9
f 202/2/9 42/2/9 231/2/9
f 15/1/9 46/1/9 203/1/9
f 203/1/9 46/1/9 234/1/9
f 69/2/8 81/2/8 315/2/8
f 315/2/8 81/2/8 93/2/8
f 315/3/8 93/3/8 129/3/10
f 93/2/8 105/2/8 316/2/8
f 129/3/10 93/3/8 316/3/8
f 316/2/8 105/2/8 317/2/8
f 121/3/8 125/3/8 318/3/8
f 125/3/8 129/3/10 318/3/8
f 316/3/8 317/3/8 318/3/8
f 129/3/10 316/3/8 318/3/8
f 113/3/8 121/3/8 318/3/8
f 317/2/8 105/2/8 286/2/8
f 318/3/8 317/3/8 286/3/8
f 318/2/8 286/2/8 298/2/8
f 298/2/8 286/2/8 310/2/8
f 111/3/11 314/3/11 110/3/11
f 142/2/11 287/2/11 314/2/11
f 142/3/11 314/3/11 111/3/11
f 143/2/11 287/2/11 142/2/11
f 288/2/11 287/2/11 143/2/11
f 144/1/11 288/1/11 143/1/11
f 289/1/11 288/1/11 144/1/11
f 145/2/11 289/2/11 144/2/11
f 290/2/11 289/2/11 145/2/11
f 146/1/11 290/1/11 145/1/11
f 291/1/11 290/1/11 146/1/11
f 147/2/11 291/2/11 146/2/11
f 292/2/11 291/2/11 147/2/11
f 148/1/11 292/1/11 147/1/11
f 293/1/11 292/1/11 148/1/11
f 149/2/11 293/2/11 148/2/11
f 294/2/11 293/2/11 149/2/11
f 150/1/11 294/1/11 149/1/11
f 295/1/11 294/1/11 150/1/11
f 151/2/11 295/2/11 150/2/11
f 296/2/11 295/2/11 151/2/11
f 152/1/11 296/1/11 151/1/11
f 297/1/11 296/1/11 152/1/11
f 153/2/11 297/2/11 152/2/11
f 113/3/11 153/3/11 112/3/11
f 318/2/11 297/2/11 153/2/11
f 318/3/11 153/3/11 113/3/11
f 298/2/11 297/2/11 318/2/11
f 155/3/11 154/3/11 114/3/11
f 156/3/11 155/3/11 114/3/11
f 157/3/11 156/3/11 114/3/11
f 158/3/11 157/3/11 114/3/11
f 159/3/11 158/3/11 114/3/11
f 160/3/11 159/3/11 114/3/11
f 161/3/11 160/3/11 114/3/11
f 162/3/11 161/3/11 114/3/11
f 163/3/11 162/3/11 114/3/11
f 164/3/11 163/3/11 114/3/11
f 115/3/11 164/3/11 114/3/11
f 165/3/11 164/3/11 115/3/11
f 3/1/12 198/1/12 2/1/12
f 191/1/12 198/1/12 3/1/12
f 5/1/13 192/1/13 4/1/13
f 199/1/13 192/1/13 5/1/13
f 2/1/12 197/1/12 10/1/12
f 198/1/12 197/1/12 2/1/12
f 11/1/13 199/1/13 5/1/13
f 219/1/13 199/1/13 11/1/13
f 17/1/12 204/1/12 16/1/12
f 205/1/12 204/1/12 17/1/12
f 19/1/13 206/1/13 18/1/13
f 207/1/13 206/1/13 19/1/13
f 21/2/12 208/2/12 20/2/12
f 209/2/12 208/2/12 21/2/12
f 23/2/13 210/2/13 22/2/13
f 211/2/13 210/2/13 23/2/13
f 24/1/12 212/1/12 53/1/12
f 213/1/12 212/1/12 24/1/12
f 54/1/13 214/1/13 25/1/13
f 215/1/13 214/1/13 54/1/13
f 27/2/12 240/2/12 26/2/12
f 216/2/12 240/2/12 27/2/12
f 29/2/13 217/2/13 28/2/13
f 241/2/13 217/2/13 29/2/13
f 10/1/12 218/1/12 30/1/12
f 197/1/12 218/1/12 10/1/12
f 31/1/13 219/1/13 11/1/13
f 220/1/13 219/1/13 31/1/13
f 33/2/12 221/2/12 32/2/12
f 222/2/12 221/2/12 33/2/12
f 35/2/13 223/2/13 34/2/13
f 224/2/13 223/2/13 35/2/13
f 37/1/12 225/1/12 36/1/12
f 226/1/12 225/1/12 37/1/12
f 39/1/13 227/1/13 38/1/13
f 228/1/13 227/1/13 39/1/13
f 41/2/12 229/2/12 40/2/12
f 230/2/12 229/2/12 41/2/12
f 43/2/13 231/2/13 42/2/13
f 232/2/13 231/2/13 43/2/13
f 45/1/12 248/1/12 44/1/12
f 233/1/12 248/1/12 45/1/12
f 47/1/13 234/1/13 46/1/13
f 235/1/13 234/1/13 47/1/13
f 16/1/12 236/1/12 48/1/12
f 204/1/12 236/1/12 16/1/12
f 49/1/13 207/1/13 19/1/13
f 237/1/13 207/1/13 49/1/13
f 20/2/12 238/2/12 50/2/12
f 208/2/12 238/2/12 20/2/12
f 51/2/13 211/2/13 23/2/13
f 250/2/13 211/2/13 51/2/13
f 53/1/12 251/1/12 52/1/12
f 212/1/12 251/1/12 53/1/12
f 55/1/13 215/1/13 54/1/13
f 252/1/13 215/1/13 55/1/13
f 26/2/12 239/2/12 56/2/12
f 240/2/12 239/2/12 26/2/12
f 57/2/13 241/2/13 29/2/13
f 242/2/13 241/2/13 57/2/13
f 30/1/12 253/1/12 58/1/12
f 218/1/12 253/1/12 30/1/12
f 59/1/13 220/1/13 31/1/13
f 243/1/13 220/1/13 59/1/13
f 32/2/12 244/2/12 60/2/12
f 221/2/12 244/2/12 32/2/12
f 61/2/13 224/2/13 35/2/13
f 245/2/13 224/2/13 61/2/13
f 36/1/12 254/1/12 62/1/12
f 225/1/12 254/1/12 36/1/12
f 63/1/13 228/1/13 39/1/13
f 255/1/13 228/1/13 63/1/13
f 40/2/12 246/2/12 64/2/12
f 229/2/12 246/2/12 40/2/12
f 65/2/13 232/2/13 43/2/13
f 247/2/13 232/2/13 65/2/13
f 44/1/12 256/1/12 66/1/12
f 248/1/12 256/1/12 44/1/12
f 67/1/13 235/1/13 47/1/13
f 249/1/13 235/1/13 67/1/13
f 107/3/11 126/3/11 311/3/11
f 257/3/14 126/3/11 107/3/11
f 259/3/11 126/3/11 257/3/14
f 127/3/11 126/3/11 259/3/11
f 106/3/11 107/3/11 311/3/11
f 48/2/11 311/2/11 68/2/11
f 236/3/11 258/3/11 106/3/11
f 236/2/11 311/2/11 48/2/11
f 236/3/11 106/3/11 311/3/11
f 179/3/11 178/3/11 127/3/11
f 237/3/11 258/3/11 236/3/11
f 180/3/11 179/3/11 127/3/11
f 50/2/11 237/2/11 49/2/11
f 238/3/11 258/3/11 237/3/11
f 238/2/11 237/2/11 50/2/11
f 250/3/11 258/3/11 238/3/11
f 52/2/11 250/2/11 51/2/11
f 251/3/11 258/3/11 250/3/11
f 251/2/11 250/2/11 52/2/11
f 181/3/11 180/3/11 127/3/11
f 252/3/11 258/3/11 251/3/11
f 182/3/11 181/3/11 127/3/11
f 56/2/11 252/2/11 55/2/11
f 239/3/11 258/3/11 252/3/11
f 239/2/11 252/2/11 56/2/11
f 242/3/11 258/3/11 239/3/11
f 58/2/11 242/2/11 57/2/11
f 253/3/11 258/3/11 242/3/11
f 253/2/11 242/2/11 58/2/11
f 183/3/11 182/3/11 127/3/11
f 243/3/11 258/3/11 253/3/11
f 184/3/11 183/3/11 127/3/11
f 60/2/11 243/2/11 59/2/11
f 244/3/11 258/3/11 243/3/11
f 244/2/11 243/2/11 60/2/11
f 245/3/11 258/3/11 244/3/11
f 62/2/11 245/2/11 61/2/11
f 254/3/11 258/3/11 245/3/11
f 254/2/11 245/2/11 62/2/11
f 185/3/11 184/3/11 127/3/11
f 255/3/11 258/3/11 254/3/11
f 186/3/11 185/3/11 127/3/11
f 64/2/11 255/2/11 63/2/11
f 246/3/11 258/3/11 255/3/11
f 246/2/11 255/2/11 64/2/11
f 247/3/11 258/3/11 246/3/11
f 66/2/11 247/2/11 65/2/11
f 256/3/11 258/3/11 247/3/11
f 256/2/11 247/2/11 66/2/11
f 187/3/11 186/3/11 127/3/11
f 249/3/11 258/3/11 256/3/11
f 188/3/11 187/3/11 127/3/11
f 108/3/11 258/3/11 249/3/11
f 260/3/15 258/3/15 108/3/15
f 128/3/11 188/3/11 127/3/11
f 189/3/11 188/3/11 128/3/11
f 109/3/11 108/3/11 249/3/11
f 262/3/11 128/3/11 261/3/11
f 69/2/11 249/2/11 67/2/11
f 315/3/11 262/3/11 109/3/11
f 315/2/11 249/2/11 69/2/11
f 315/3/11 109/3/11 249/3/11
f 129/3/11 128/3/11 262/3/11
f 129/3/11 262/3/11 315/3/11
f 264/2/11 130/2/11 263/2/11
f 131/2/11 130/2/11 264/2/11
f 265/1/11 131/1/11 264/1/11
f 132/1/11 131/1/11 265/1/11
f 266/2/11 132/2/11 265/2/11
f 133/2/11 132/2/11 266/2/11
f 267/1/11 133/1/11 266/1/11
f 134/1/11 133/1/11 267/1/11
f 268/2/11 134/2/11 267/2/11
f 135/2/11 134/2/11 268/2/11
f 269/1/11 135/1/11 268/1/11
f 136/1/11 135/1/11 269/1/11
f 270/2/11 136/2/11 269/2/11
f 137/2/11 136/2/11 270/2/11
f 271/1/11 137/1/11 270/1/11
f 138/1/11 137/1/11 271/1/11
f 272/2/11 138/2/11 271/2/11
f 139/2/11 138/2/11 272/2/11
f 273/1/11 139/1/11 272/1/11
f 140/1/11 139/1/11 273/1/11
f 274/2/11 140/2/11 273/2/11
f 141/2/11 140/2/11 274/2/11
f 116/3/16 166/3/16 167/3/16
f 116/3/16 167/3/16 168/3/16
f 116/3/16 168/3/16 169/3/16
f 116/3/16 169/3/16 170/3/16
f 116/3/16 170/3/16 171/3/16
f 116/3/16 171/3/16 172/3/16
f 116/3/16 172/3/16 173/3/16
f 116/3/16 173/3/16 174/3/16
f 116/3/16 174/3/16 175/3/16
f 116/3/16 175/3/16 176/3/16
f 116/3/16 176/3/16 117/3/16
f 117/3/16 176/3/16 177/3/16
f 70/2/16 82/2/16 71/2/16
f 71/2/16 82/2/16 83/2/16
f 71/1/16 83/1/16 72/1/16
f 72/1/16 83/1/16 84/1/16
f 72/2/16 84/2/16 73/2/16
f 73/2/16 84/2/16 85/2/16
f 73/1/16 85/1/16 74/1/16
f 74/1/16 85/1/16 86/1/16
f 74/2/16 86/2/16 75/2/16
f 75/2/16 86/2/16 87/2/16
f 75/1/16 87/1/16 76/1/16
f 76/1/16 87/1/16 88/1/16
f 76/2/16 88/2/16 77/2/16
f 77/2/16 88/2/16 89/2/16
f 77/1/16 89/1/16 78/1/16
f 78/1/16 89/1/16 90/1/16
f 78/2/16 90/2/16 79/2/16
f 79/2/16 90/2/16 91/2/16
f 79/1/16 91/1/16 80/1/16
f 80/1/16 91/1/16 92/1/16
f 80/2/16 92/2/16 81/2/16
f 81/2/16 92/2/16 93/2/16
f 282/2/17 299/2/17 283/2/17
f 283/2/17 299/2/17 300/2/17
f 283/1/17 300/1/17 275/1/17
f 275/1/17 300/1/17 301/1/17
f 275/2/17 301/2/17 276/2/17
f 276/2/17 301/2/17 302/2/17
f 276/1/17 302/1/17 277/1/17
f 277/1/17 302/1/17 303/1/17
f 277/2/17 303/2/17 278/2/17
f 278/2/17 303/2/17 304/2/17
f 278/1/17 304/1/17 279/1/17
f 279/1/17 304/1/17 305/1/17
f 279/2/17 305/2/17 280/2/17
f 280/2/17 305/2/17 306/2/17
f 280/1/17 306/1/17 284/1/17
f 284/1/17 306/1/17 307/1/17
f 284/2/17 307/2/17 281/2/17
f 281/2/17 307/2/17 308/2/17
f 281/1/17 308/1/17 285/1/17
f 285/1/17 308/1/17 309/1/17
f 285/2/17 309/2/17 286/2/17
f 286/2/17 309/2/17 310/2/17
f 94/2/18 282/2/19 95/2/18
f 95/2/18 282/2/19 283/2/18
f 95/1/18 283/1/18 96/1/18
f 96/1/18 283/1/18 275/1/19
f 96/2/18 275/2/19 97/2/18
f 97/2/18 275/2/19 276/2/18
f 97/1/18 276/1/18 98/1/18
f 98/1/18 276/1/18 277/1/18
f 98/2/18 277/2/18 99/2/18
f 99/2/18 277/2/18 278/2/19
f 99/1/18 278/1/19 100/1/19
f 100/1/19 278/1/19 279/1/18
f 100/2/19 279/2/18 101/2/18
f 101/2/18 279/2/18 280/2/18
f 101/1/18 280/1/18 102/1/18
f 102/1/18 280/1/18 284/1/18
f 102/2/18 284/2/18 103/2/19
f 103/2/19 284/2/18 281/2/18
f 103/1/19 281/1/18 104/1/18
f 104/1/18 281/1/18 285/1/18
f 104/2/18 285/2/18 105/2/19
f 105/2/19 285/2/18 286/2/18
usemtl palette.006
f 325/3/1 324/3/1 323/3/1
f 326/3/1 324/3/1 325/3/1
f 467/3/1 465/3/1 464/3/1
f 468/3/1 467/3/1 466/3/1
f 469/3/1 465/3/1 467/3/1
f 469/3/1 467/3/1 468/3/1
f 492/3/20 491/3/20 490/3/20
f 493/3/20 491/3/20 492/3/20
f 496/3/1 495/3/1 494/3/1
f 497/3/1 495/3/1 496/3/1
f 639/3/21 640/3/21 641/3/21
f 702/3/3 703/3/3 704/3/3
f 702/3/3 704/3/3 705/3/3
f 705/3/3 704/3/3 706/3/3
f 329/3/5 325/3/5 323/3/5
f 564/3/5 329/3/5 323/3/5
f 564/3/5 334/3/5 329/3/5
f 337/3/5 334/3/5 564/3/5
f 569/3/5 337/3/5 564/3/5
f 341/3/5 337/3/5 569/3/5
f 572/3/5 341/3/5 569/3/5
f 345/3/5 341/3/5 572/3/5
f 576/3/5 345/3/5 572/3/5
f 349/3/5 345/3/5 576/3/5
f 580/3/5 349/3/5 576/3/5
f 353/3/5 349/3/5 580/3/5
f 584/3/5 353/3/5 580/3/5
f 357/3/5 353/3/5 584/3/5
f 588/3/5 357/3/5 584/3/5
f 361/3/5 357/3/5 588/3/5
f 592/3/5 361/3/5 588/3/5
f 366/3/5 361/3/5 592/3/5
f 596/3/5 366/3/5 592/3/5
f 369/3/5 366/3/5 596/3/5
f 600/3/5 369/3/5 596/3/5
f 373/3/5 369/3/5 600/3/5
f 605/3/5 373/3/5 600/3/5
f 377/3/5 373/3/5 605/3/5
f 608/3/5 377/3/5 605/3/5
f 381/3/5 377/3/5 608/3/5
f 612/3/5 381/3/5 608/3/5
f 385/3/5 381/3/5 612/3/5
f 616/3/5 385/3/5 612/3/5
f 390/3/5 385/3/5 616/3/5
f 620/3/5 390/3/5 616/3/5
f 393/3/5 390/3/5 620/3/5
f 624/3/5 393/3/5 620/3/5
f 397/3/5 393/3/5 624/3/5
f 628/3/5 397/3/5 624/3/5
f 402/3/5 397/3/5 628/3/5
f 632/3/5 402/3/5 628/3/5
f 405/3/5 402/3/5 632/3/5
f 636/3/5 405/3/5 632/3/5
f 409/3/5 405/3/5 636/3/5
f 642/3/5 409/3/5 636/3/5
f 412/3/5 409/3/5 642/3/5
f 647/3/5 412/3/5 642/3/5
f 417/3/5 412/3/5 647/3/5
f 650/3/5 417/3/5 647/3/5
f 420/3/5 417/3/5 650/3/5
f 655/3/5 420/3/5 650/3/5
f 425/3/5 420/3/5 655/3/5
f 658/3/5 425/3/5 655/3/5
f 428/3/5 425/3/5 658/3/5
f 662/3/5 428/3/5 658/3/5
f 433/3/5 428/3/5 662/3/5
f 667/3/5 433/3/5 662/3/5
f 437/3/5 433/3/5 667/3/5
f 670/3/5 437/3/5 667/3/5
f 440/3/5 437/3/5 670/3/5
f 675/3/5 440/3/5 670/3/5
f 444/3/5 440/3/5 675/3/5
f 678/3/5 444/3/5 675/3/5
f 448/3/5 444/3/5 678/3/5
f 682/3/5 448/3/5 678/3/5
f 452/3/5 448/3/5 682/3/5
f 686/3/5 452/3/5 682/3/5
f 457/3/5 452/3/5 686/3/5
f 691/3/5 457/3/5 686/3/5
f 460/3/5 457/3/5 691/3/5
f 694/3/5 460/3/5 691/3/5
f 698/3/5 460/3/5 694/3/5
f 702/3/5 460/3/5 698/3/5
f 705/3/5 460/3/5 702/3/5
f 645/3/22 411/3/23 414/3/5
f 645/3/22 407/3/24 411/3/23
f 419/3/5 645/3/22 414/3/5
f 648/3/5 645/3/22 419/3/5
f 423/3/5 648/3/5 419/3/5
f 652/3/5 648/3/5 423/3/5
f 426/3/5 652/3/5 423/3/5
f 656/3/5 652/3/5 426/3/5
f 430/3/5 656/3/5 426/3/5
f 660/3/5 656/3/5 430/3/5
f 434/3/5 660/3/5 430/3/5
f 664/3/5 660/3/5 434/3/5
f 438/3/5 664/3/5 434/3/5
f 668/3/5 664/3/5 438/3/5
f 442/3/5 668/3/5 438/3/5
f 672/3/5 668/3/5 442/3/5
f 446/3/5 672/3/5 442/3/5
f 676/3/5 672/3/5 446/3/5
f 450/3/5 676/3/5 446/3/5
f 681/3/5 676/3/5 450/3/5
f 455/3/5 681/3/5 450/3/5
f 685/3/5 681/3/5 455/3/5
f 458/3/5 685/3/5 455/3/5
f 688/3/5 685/3/5 458/3/5
f 462/3/5 688/3/5 458/3/5
f 693/3/5 688/3/5 462/3/5
f 470/3/5 693/3/5 462/3/5
f 696/3/5 693/3/5 470/3/5
f 473/3/5 468/3/5 466/3/5
f 474/3/5 696/3/5 470/3/5
f 700/3/5 696/3/5 474/3/5
f 706/3/5 473/3/5 466/3/5
f 477/3/5 473/3/5 706/3/5
f 478/3/5 700/3/5 474/3/5
f 707/3/5 700/3/5 478/3/5
f 709/3/5 477/3/5 706/3/5
f 709/3/5 706/3/5 704/3/5
f 480/3/5 477/3/5 709/3/5
f 482/3/5 707/3/5 478/3/5
f 712/3/5 707/3/5 482/3/5
f 713/3/5 480/3/5 709/3/5
f 484/3/5 480/3/5 713/3/5
f 486/3/5 712/3/5 482/3/5
f 715/3/5 712/3/5 486/3/5
f 717/3/5 484/3/5 713/3/5
f 489/3/5 484/3/5 717/3/5
f 492/3/5 715/3/5 486/3/5
f 719/3/5 715/3/5 492/3/5
f 722/3/5 489/3/5 717/3/5
f 494/3/5 489/3/5 722/3/5
f 496/3/25 719/3/5 492/3/5
f 496/3/26 492/3/5 490/3/5
f 724/3/5 494/3/5 722/3/5
f 724/3/5 496/3/5 494/3/5
f 498/3/5 496/3/5 724/3/5
f 725/3/5 498/3/5 724/3/5
f 500/3/5 498/3/5 725/3/5
f 727/3/5 500/3/5 725/3/5
f 502/3/5 500/3/5 727/3/5
f 730/3/5 502/3/5 727/3/5
f 504/3/5 502/3/5 730/3/5
f 731/3/5 504/3/5 730/3/5
f 506/3/5 504/3/5 731/3/5
f 733/3/5 506/3/5 731/3/5
f 508/3/5 506/3/5 733/3/5
f 736/3/5 508/3/5 733/3/5
f 510/3/5 508/3/5 736/3/5
f 738/3/5 510/3/5 736/3/5
f 512/3/5 510/3/5 738/3/5
f 739/3/5 512/3/5 738/3/5
f 514/3/5 512/3/5 739/3/5
f 741/3/5 514/3/5 739/3/5
f 516/3/5 514/3/5 741/3/5
f 743/3/5 516/3/5 741/3/5
f 518/3/5 516/3/5 743/3/5
f 745/3/5 518/3/5 743/3/5
f 520/3/5 518/3/5 745/3/5
f 747/3/5 520/3/5 745/3/5
f 522/3/5 520/3/5 747/3/5
f 749/3/5 522/3/5 747/3/5
f 525/3/5 522/3/5 749/3/5
f 751/3/5 525/3/5 749/3/5
f 526/3/5 525/3/5 751/3/5
f 753/3/5 526/3/5 751/3/5
f 528/3/5 526/3/5 753/3/5
f 756/3/5 528/3/5 753/3/5
f 531/3/5 528/3/5 756/3/5
f 757/3/5 531/3/5 756/3/5
f 532/3/5 531/3/5 757/3/5
f 759/3/5 532/3/5 757/3/5
f 534/3/5 532/3/5 759/3/5
f 762/3/5 534/3/5 759/3/5
f 536/3/5 534/3/5 762/3/5
f 763/3/5 536/3/5 762/3/5
f 538/3/5 536/3/5 763/3/5
f 765/3/5 538/3/5 763/3/5
f 541/3/5 538/3/5 765/3/5
f 767/3/5 541/3/5 765/3/5
f 543/3/5 541/3/5 767/3/5
f 769/3/5 543/3/5 767/3/5
f 544/3/5 543/3/5 769/3/5
f 772/3/5 544/3/5 769/3/5
f 546/3/5 544/3/5 772/3/5
f 773/3/5 546/3/5 772/3/5
f 548/3/5 546/3/5 773/3/5
f 775/3/5 548/3/5 773/3/5
f 550/3/5 548/3/5 775/3/5
f 777/3/5 550/3/5 775/3/5
f 552/3/5 550/3/5 777/3/5
f 779/3/5 552/3/5 777/3/5
f 781/3/5 552/3/5 779/3/5
f 554/3/5 552/3/5 781/3/5
f 556/3/5 552/3/5 554/3/5
f 558/3/5 320/3/8 321/3/5
f 558/3/5 321/3/5 327/3/5
f 331/3/5 558/3/5 327/3/5
f 561/3/5 558/3/5 331/3/5
f 335/3/5 561/3/5 331/3/5
f 562/3/5 561/3/5 335/3/5
f 339/3/5 562/3/5 335/3/5
f 566/3/5 562/3/5 339/3/5
f 343/3/5 566/3/5 339/3/5
f 571/3/5 566/3/5 343/3/5
f 347/3/5 571/3/5 343/3/5
f 574/3/5 571/3/5 347/3/5
f 351/3/5 574/3/5 347/3/5
f 578/3/5 574/3/5 351/3/5
f 355/3/5 578/3/5 351/3/5
f 582/3/5 578/3/5 355/3/5
f 359/3/5 582/3/5 355/3/5
f 586/3/5 582/3/5 359/3/5
f 363/3/5 586/3/5 359/3/5
f 590/3/5 586/3/5 363/3/5
f 367/3/5 590/3/5 363/3/5
f 594/3/5 590/3/5 367/3/5
f 371/3/5 594/3/5 367/3/5
f 598/3/5 594/3/5 371/3/5
f 375/3/5 598/3/5 371/3/5
f 602/3/5 598/3/5 375/3/5
f 379/3/5 602/3/5 375/3/5
f 606/3/5 602/3/5 379/3/5
f 383/3/5 606/3/5 379/3/5
f 611/3/5 606/3/5 383/3/5
f 387/3/5 611/3/5 383/3/5
f 615/3/5 611/3/5 387/3/5
f 391/3/5 615/3/5 387/3/5
f 619/3/5 615/3/5 391/3/5
f 395/3/5 619/3/5 391/3/5
f 623/3/5 619/3/5 395/3/5
f 399/3/5 623/3/5 395/3/5
f 626/3/5 623/3/5 399/3/5
f 403/3/27 626/3/5 399/3/5
f 630/3/28 626/3/5 403/3/27
f 407/3/29 630/3/28 403/3/27
f 635/3/30 630/3/28 407/3/29
f 639/3/31 635/3/30 407/3/29
f 641/3/32 635/3/30 639/3/31
f 324/3/8 326/3/8 330/3/8
f 324/3/8 330/3/8 565/3/8
f 330/3/8 333/3/8 565/3/8
f 565/3/8 333/3/8 338/3/8
f 565/3/8 338/3/8 568/3/8
f 568/3/8 338/3/8 342/3/8
f 568/3/8 342/3/8 573/3/8
f 573/3/8 342/3/8 346/3/8
f 573/3/8 346/3/8 577/3/8
f 577/3/8 346/3/8 350/3/8
f 577/3/8 350/3/8 581/3/8
f 581/3/8 350/3/8 354/3/8
f 581/3/8 354/3/8 585/3/8
f 585/3/8 354/3/8 358/3/8
f 585/3/8 358/3/8 589/3/8
f 589/3/8 358/3/8 362/3/8
f 589/3/8 362/3/8 593/3/8
f 593/3/8 362/3/8 365/3/8
f 593/3/8 365/3/8 597/3/8
f 597/3/8 365/3/8 370/3/8
f 597/3/8 370/3/8 601/3/8
f 601/3/8 370/3/8 374/3/8
f 601/3/8 374/3/8 604/3/8
f 604/3/8 374/3/8 378/3/8
f 604/3/8 378/3/8 609/3/8
f 609/3/8 378/3/8 382/3/8
f 609/3/8 382/3/8 613/3/8
f 613/3/8 382/3/8 386/3/8
f 613/3/8 386/3/8 617/3/8
f 617/3/8 386/3/8 389/3/8
f 617/3/8 389/3/8 621/3/8
f 621/3/8 389/3/8 394/3/8
f 621/3/8 394/3/8 625/3/8
f 625/3/8 394/3/8 398/3/8
f 625/3/8 398/3/8 629/3/8
f 629/3/8 398/3/8 401/3/8
f 629/3/8 401/3/8 633/3/8
f 633/3/8 401/3/8 406/3/8
f 633/3/8 406/3/8 637/3/8
f 637/3/8 406/3/8 410/3/8
f 637/3/8 410/3/8 643/3/8
f 643/3/8 410/3/8 413/3/8
f 643/3/8 413/3/8 646/3/8
f 646/3/8 413/3/8 416/3/8
f 646/3/8 416/3/8 651/3/8
f 651/3/8 416/3/8 421/3/8
f 651/3/8 421/3/8 654/3/8
f 654/3/8 421/3/8 424/3/8
f 654/3/8 424/3/8 659/3/8
f 659/3/8 424/3/8 429/3/8
f 659/3/8 429/3/8 663/3/8
f 663/3/8 429/3/8 432/3/8
f 663/3/8 432/3/8 666/3/8
f 666/3/8 432/3/8 436/3/8
f 666/3/8 436/3/8 671/3/8
f 671/3/8 436/3/8 441/3/8
f 671/3/8 441/3/8 674/3/8
f 674/3/8 441/3/8 445/3/8
f 674/3/8 445/3/8 679/3/8
f 679/3/8 445/3/8 449/3/8
f 679/3/8 449/3/8 683/3/8
f 683/3/8 449/3/8 453/3/8
f 683/3/8 453/3/8 687/3/8
f 687/3/8 453/3/8 456/3/8
f 687/3/8 456/3/8 690/3/8
f 690/3/8 456/3/8 461/3/8
f 690/3/8 461/3/8 695/3/8
f 695/3/8 461/3/8 464/3/8
f 464/3/8 461/3/8 467/3/8
f 695/3/8 464/3/8 699/3/8
f 699/3/8 464/3/8 703/3/8
f 638/3/33 640/3/34 415/3/35
f 415/3/35 640/3/34 644/3/36
f 415/3/35 644/3/36 418/3/8
f 418/3/8 644/3/36 649/3/8
f 418/3/8 649/3/8 422/3/8
f 422/3/8 649/3/8 653/3/8
f 422/3/8 653/3/8 427/3/8
f 427/3/8 653/3/8 657/3/8
f 427/3/8 657/3/8 431/3/8
f 431/3/8 657/3/8 661/3/8
f 431/3/8 661/3/8 435/3/8
f 435/3/8 661/3/8 665/3/8
f 435/3/8 665/3/8 439/3/8
f 439/3/8 665/3/8 669/3/8
f 439/3/8 669/3/8 443/3/8
f 443/3/8 669/3/8 673/3/8
f 443/3/8 673/3/8 447/3/8
f 447/3/8 673/3/8 677/3/8
f 447/3/8 677/3/8 451/3/8
f 451/3/8 677/3/8 680/3/8
f 451/3/8 680/3/8 454/3/8
f 454/3/8 680/3/8 684/3/8
f 454/3/8 684/3/8 459/3/8
f 459/3/8 684/3/8 689/3/8
f 459/3/8 689/3/8 463/3/8
f 463/3/8 689/3/8 692/3/8
f 463/3/8 692/3/8 471/3/8
f 471/3/8 692/3/8 697/3/8
f 465/3/8 469/3/8 472/3/8
f 471/3/8 697/3/8 475/3/8
f 475/3/8 697/3/8 701/3/8
f 475/3/8 701/3/8 479/3/8
f 479/3/8 701/3/8 708/3/8
f 465/3/8 472/3/8 710/3/8
f 472/3/8 476/3/8 710/3/8
f 710/3/8 476/3/8 481/3/8
f 479/3/8 708/3/8 483/3/8
f 483/3/8 708/3/8 711/3/8
f 710/3/8 481/3/8 714/3/8
f 714/3/8 481/3/8 485/3/8
f 483/3/8 711/3/8 487/3/8
f 487/3/8 711/3/8 716/3/8
f 714/3/8 485/3/8 718/3/8
f 718/3/8 485/3/8 488/3/8
f 487/3/8 716/3/8 493/3/8
f 493/3/8 716/3/8 720/3/8
f 718/3/8 488/3/8 721/3/8
f 721/3/8 488/3/8 495/3/8
f 493/3/8 720/3/8 497/3/8
f 491/3/8 493/3/8 497/3/8
f 721/3/8 495/3/8 723/3/8
f 495/3/8 497/3/8 723/3/8
f 723/3/8 497/3/8 499/3/8
f 723/3/8 499/3/8 726/3/8
f 726/3/8 499/3/8 501/3/8
f 726/3/8 501/3/8 728/3/8
f 728/3/8 501/3/8 503/3/8
f 728/3/8 503/3/8 729/3/8
f 729/3/8 503/3/8 505/3/8
f 729/3/8 505/3/8 732/3/8
f 732/3/8 505/3/8 507/3/8
f 732/3/8 507/3/8 734/3/8
f 734/3/8 507/3/8 509/3/8
f 734/3/8 509/3/8 735/3/8
f 735/3/8 509/3/8 511/3/8
f 735/3/8 511/3/8 737/3/8
f 737/3/8 511/3/8 513/3/8
f 737/3/8 513/3/8 740/3/8
f 740/3/8 513/3/8 515/3/8
f 740/3/8 515/3/8 742/3/8
f 742/3/8 515/3/8 517/3/8
f 742/3/8 517/3/8 744/3/8
f 744/3/8 517/3/8 519/3/8
f 744/3/8 519/3/8 746/3/8
f 746/3/8 519/3/8 521/3/8
f 746/3/8 521/3/8 748/3/8
f 748/3/8 521/3/8 523/3/8
f 748/3/8 523/3/8 750/3/8
f 750/3/8 523/3/8 524/3/8
f 750/3/8 524/3/8 752/3/8
f 752/3/8 524/3/8 527/3/8
f 752/3/8 527/3/8 754/3/8
f 754/3/8 527/3/8 529/3/8
f 754/3/8 529/3/8 755/3/8
f 755/3/8 529/3/8 530/3/8
f 755/3/8 530/3/8 758/3/8
f 758/3/8 530/3/8 533/3/8
f 758/3/8 533/3/8 760/3/8
f 760/3/8 533/3/8 535/3/8
f 760/3/8 535/3/8 761/3/8
f 761/3/8 535/3/8 537/3/8
f 761/3/8 537/3/8 764/3/8
f 764/3/8 537/3/8 539/3/8
f 764/3/8 539/3/8 766/3/8
f 766/3/8 539/3/8 540/3/8
f 766/3/8 540/3/8 768/3/8
f 768/3/8 540/3/8 542/3/8
f 768/3/8 542/3/8 770/3/8
f 770/3/8 542/3/8 545/3/8
f 770/3/8 545/3/8 771/3/8
f 771/3/8 545/3/8 547/3/8
f 771/3/8 547/3/8 774/3/8
f 774/3/8 547/3/8 549/3/8
f 774/3/8 549/3/8 776/3/8
f 776/3/8 549/3/8 551/3/8
f 776/3/8 551/3/8 778/3/8
f 778/3/8 551/3/8 553/3/8
f 778/3/8 553/3/8 780/3/8
f 780/3/8 553/3/8 782/3/8
f 782/3/8 553/3/8 555/3/8
f 555/3/8 553/3/8 557/3/8
f 322/3/8 319/3/5 559/3/8
f 328/3/8 322/3/8 559/3/8
f 328/3/8 559/3/8 332/3/8
f 332/3/8 559/3/8 560/3/8
f 332/3/8 560/3/8 336/3/8
f 336/3/8 560/3/8 563/3/8
f 336/3/8 563/3/8 340/3/8
f 340/3/8 563/3/8 567/3/8
f 340/3/8 567/3/8 344/3/8
f 344/3/8 567/3/8 570/3/8
f 344/3/8 570/3/8 348/3/8
f 348/3/8 570/3/8 575/3/8
f 348/3/8 575/3/8 352/3/8
f 352/3/8 575/3/8 579/3/8
f 352/3/8 579/3/8 356/3/8
f 356/3/8 579/3/8 583/3/8
f 356/3/8 583/3/8 360/3/8
f 360/3/8 583/3/8 587/3/8
f 360/3/8 587/3/8 364/3/8
f 364/3/8 587/3/8 591/3/8
f 364/3/8 591/3/8 368/3/8
f 368/3/8 591/3/8 595/3/8
f 368/3/8 595/3/8 372/3/8
f 372/3/8 595/3/8 599/3/8
f 372/3/8 599/3/8 376/3/8
f 376/3/8 599/3/8 603/3/8
f 376/3/8 603/3/8 380/3/8
f 380/3/8 603/3/8 607/3/8
f 380/3/8 607/3/8 384/3/8
f 384/3/8 607/3/8 610/3/8
f 384/3/8 610/3/8 388/3/8
f 388/3/8 610/3/8 614/3/8
f 388/3/8 614/3/8 392/3/8
f 392/3/8 614/3/8 618/3/8
f 392/3/8 618/3/8 396/3/8
f 396/3/8 618/3/8 622/3/8
f 396/3/8 622/3/8 400/3/8
f 400/3/8 622/3/8 627/3/8
f 400/3/8 627/3/8 404/3/8
f 404/3/8 627/3/8 631/3/8
f 404/3/8 631/3/8 408/3/37
f 408/3/37 631/3/8 634/3/38
f 408/3/37 634/3/38 638/3/39
f 638/3/39 634/3/38 640/3/40
f 324/3/11 564/3/11 323/3/11
f 565/3/11 564/3/11 324/3/11
f 565/3/41 569/3/41 564/3/41
f 568/3/41 569/3/41 565/3/41
f 568/3/42 572/3/42 569/3/42
f 573/3/42 572/3/42 568/3/42
f 573/3/42 576/3/42 572/3/42
f 577/3/42 576/3/42 573/3/42
f 577/3/42 580/3/42 576/3/42
f 581/3/42 580/3/42 577/3/42
f 581/3/42 584/3/42 580/3/42
f 585/3/42 584/3/42 581/3/42
f 585/3/42 588/3/42 584/3/42
f 589/3/42 588/3/42 585/3/42
f 589/3/42 592/3/42 588/3/42
f 593/3/42 592/3/42 589/3/42
f 593/3/42 596/3/42 592/3/42
f 597/3/42 596/3/42 593/3/42
f 597/3/42 600/3/42 596/3/42
f 601/3/42 600/3/42 597/3/42
f 601/3/42 605/3/43 600/3/42
f 604/3/44 605/3/43 601/3/42
f 604/3/44 608/3/45 605/3/43
f 609/3/46 608/3/45 604/3/44
f 609/3/46 612/3/41 608/3/45
f 613/3/41 612/3/41 609/3/46
f 613/3/47 616/3/42 612/3/42
f 617/3/42 616/3/42 613/3/47
f 617/3/42 620/3/42 616/3/42
f 621/3/42 620/3/42 617/3/42
f 621/3/42 624/3/42 620/3/42
f 625/3/47 624/3/42 621/3/42
f 625/3/47 628/3/42 624/3/42
f 629/3/47 628/3/42 625/3/47
f 629/3/47 632/3/42 628/3/42
f 633/3/42 632/3/42 629/3/47
f 633/3/42 636/3/42 632/3/42
f 637/3/42 636/3/42 633/3/42
f 637/3/42 642/3/42 636/3/42
f 643/3/42 642/3/42 637/3/42
f 643/3/42 647/3/42 642/3/42
f 646/3/42 647/3/42 643/3/42
f 646/3/42 650/3/42 647/3/42
f 651/3/42 650/3/42 646/3/42
f 651/3/42 655/3/43 650/3/42
f 654/3/44 655/3/43 651/3/42
f 654/3/44 658/3/45 655/3/43
f 659/3/46 658/3/45 654/3/44
f 659/3/46 662/3/41 658/3/45
f 663/3/41 662/3/41 659/3/46
f 663/3/47 667/3/42 662/3/42
f 666/3/42 667/3/42 663/3/47
f 666/3/42 670/3/42 667/3/42
f 671/3/42 670/3/42 666/3/42
f 671/3/42 675/3/42 670/3/42
f 674/3/42 675/3/42 671/3/42
f 674/3/42 678/3/42 675/3/42
f 679/3/42 678/3/42 674/3/42
f 679/3/42 682/3/42 678/3/42
f 683/3/42 682/3/42 679/3/42
f 683/3/42 686/3/47 682/3/42
f 687/3/47 686/3/47 683/3/42
f 687/3/47 691/3/42 686/3/47
f 690/3/42 691/3/42 687/3/47
f 690/3/42 694/3/42 691/3/42
f 695/3/42 694/3/42 690/3/42
f 695/3/42 698/3/47 694/3/42
f 699/3/48 698/3/47 695/3/42
f 699/3/48 702/3/49 698/3/47
f 703/3/50 702/3/49 699/3/48
f 703/3/51 709/3/41 704/3/52
f 465/3/53 703/3/51 464/3/53
f 710/3/51 709/3/41 703/3/51
f 710/3/51 703/3/51 465/3/53
f 710/3/54 713/3/55 709/3/54
f 714/3/56 713/3/55 710/3/54
f 714/3/56 717/3/57 713/3/55
f 718/3/57 717/3/57 714/3/56
f 718/3/57 722/3/57 717/3/57
f 721/3/57 722/3/57 718/3/57
f 721/3/57 724/3/57 722/3/57
f 723/3/57 724/3/57 721/3/57
f 723/3/57 725/3/57 724/3/57
f 726/3/57 725/3/57 723/3/57
f 726/3/57 727/3/57 725/3/57
f 728/3/57 727/3/57 726/3/57
f 728/3/57 730/3/57 727/3/57
f 729/3/57 730/3/57 728/3/57
f 729/3/57 731/3/57 730/3/57
f 732/3/57 731/3/57 729/3/57
f 491/3/58 496/3/58 490/3/58
f 497/3/58 496/3/58 491/3/58
f 487/3/59 492/3/59 486/3/59
f 493/3/59 492/3/59 487/3/59
f 732/3/57 733/3/60 731/3/57
f 734/3/57 733/3/60 732/3/57
f 483/3/61 486/3/62 482/3/63
f 487/3/62 486/3/64 483/3/65
f 734/3/57 736/3/66 733/3/60
f 735/3/67 736/3/66 734/3/57
f 479/3/68 482/3/63 478/3/69
f 483/3/61 482/3/63 479/3/68
f 475/3/59 478/3/69 474/3/59
f 479/3/68 478/3/69 475/3/59
f 735/3/67 738/3/70 736/3/66
f 737/3/71 738/3/70 735/3/67
f 737/3/71 739/3/41 738/3/70
f 740/3/41 739/3/41 737/3/71
f 471/3/72 474/3/73 470/3/74
f 475/3/73 474/3/64 471/3/65
f 463/3/75 470/3/74 462/3/75
f 471/3/72 470/3/74 463/3/75
f 740/3/57 741/3/57 739/3/57
f 742/3/57 741/3/57 740/3/57
f 459/3/76 462/3/75 458/3/77
f 463/3/75 462/3/75 459/3/76
f 454/3/59 458/3/77 455/3/59
f 459/3/76 458/3/77 454/3/59
f 742/3/57 743/3/57 741/3/57
f 744/3/57 743/3/57 742/3/57
f 451/3/78 455/3/62 450/3/79
f 454/3/62 455/3/64 451/3/64
f 744/3/57 745/3/57 743/3/57
f 746/3/57 745/3/57 744/3/57
f 447/3/80 450/3/79 446/3/80
f 451/3/78 450/3/79 447/3/80
f 443/3/81 446/3/80 442/3/82
f 447/3/80 446/3/80 443/3/81
f 746/3/57 747/3/57 745/3/57
f 748/3/57 747/3/57 746/3/57
f 439/3/83 442/3/82 438/3/59
f 443/3/81 442/3/82 439/3/83
f 748/3/57 749/3/57 747/3/57
f 750/3/57 749/3/57 748/3/57
f 435/3/84 438/3/85 434/3/86
f 439/3/85 438/3/87 435/3/88
f 431/3/89 434/3/86 430/3/90
f 435/3/84 434/3/86 431/3/89
f 750/3/57 751/3/60 749/3/57
f 752/3/57 751/3/60 750/3/57
f 427/3/91 430/3/90 426/3/92
f 431/3/89 430/3/90 427/3/91
f 752/3/57 753/3/56 751/3/60
f 754/3/93 753/3/56 752/3/57
f 422/3/94 426/3/95 423/3/96
f 427/3/95 426/3/97 422/3/98
f 418/3/99 423/3/96 419/3/99
f 422/3/94 423/3/96 418/3/99
f 754/3/93 756/3/100 753/3/56
f 755/3/101 756/3/100 754/3/93
f 415/3/102 419/3/99 414/3/102
f 418/3/99 419/3/99 415/3/102
f 638/3/103 414/3/102 411/3/104
f 415/3/102 414/3/102 638/3/103
f 755/3/101 757/3/105 756/3/100
f 758/3/106 757/3/105 755/3/101
f 638/3/107 411/3/108 407/3/109
f 758/3/106 759/3/110 757/3/105
f 760/3/111 759/3/110 758/3/106
f 408/3/112 638/3/107 407/3/109
f 760/3/111 762/3/41 759/3/110
f 761/3/41 762/3/41 760/3/111
f 404/3/113 407/3/109 403/3/114
f 408/3/112 407/3/109 404/3/113
f 400/3/59 403/3/114 399/3/83
f 404/3/113 403/3/114 400/3/59
f 761/3/100 763/3/100 762/3/100
f 764/3/101 763/3/100 761/3/100
f 396/3/61 399/3/73 395/3/115
f 400/3/73 399/3/64 396/3/65
f 764/3/101 765/3/116 763/3/100
f 766/3/117 765/3/116 764/3/101
f 392/3/113 395/3/115 391/3/68
f 396/3/61 395/3/115 392/3/113
f 388/3/83 391/3/68 387/3/59
f 392/3/113 391/3/68 388/3/83
f 766/3/117 767/3/118 765/3/116
f 768/3/118 767/3/118 766/3/117
f 384/3/59 387/3/59 383/3/59
f 388/3/83 387/3/59 384/3/59
f 768/3/118 769/3/118 767/3/118
f 770/3/118 769/3/118 768/3/118
f 380/3/61 383/3/73 379/3/115
f 384/3/73 383/3/64 380/3/65
f 376/3/68 379/3/115 375/3/69
f 380/3/61 379/3/115 376/3/68
f 770/3/118 772/3/118 769/3/118
f 771/3/118 772/3/118 770/3/118
f 372/3/59 375/3/69 371/3/59
f 376/3/68 375/3/69 372/3/59
f 771/3/118 773/3/118 772/3/118
f 774/3/118 773/3/118 771/3/118
f 368/3/61 371/3/73 367/3/63
f 372/3/73 371/3/64 368/3/65
f 364/3/68 367/3/63 363/3/68
f 368/3/61 367/3/63 364/3/68
f 774/3/118 775/3/118 773/3/118
f 776/3/118 775/3/118 774/3/118
f 360/3/83 363/3/68 359/3/59
f 364/3/68 363/3/68 360/3/83
f 356/3/59 359/3/59 355/3/59
f 360/3/83 359/3/59 356/3/59
f 776/3/118 777/3/118 775/3/118
f 778/3/118 777/3/118 776/3/118
f 352/3/61 355/3/73 351/3/115
f 356/3/73 355/3/64 352/3/65
f 778/3/118 779/3/118 777/3/118
f 780/3/118 779/3/118 778/3/118
f 348/3/68 351/3/115 347/3/68
f 352/3/61 351/3/115 348/3/68
f 344/3/59 347/3/68 343/3/59
f 348/3/68 347/3/68 344/3/59
f 780/3/118 781/3/118 779/3/118
f 782/3/118 781/3/118 780/3/118
f 340/3/59 343/3/59 339/3/59
f 344/3/59 343/3/59 340/3/59
f 782/3/118 554/3/118 781/3/118
f 555/3/118 554/3/118 782/3/118
f 336/3/61 339/3/73 335/3/115
f 340/3/73 339/3/64 336/3/65
f 332/3/68 335/3/115 331/3/69
f 336/3/61 335/3/115 332/3/68
f 328/3/59 331/3/69 327/3/59
f 332/3/68 331/3/69 328/3/59
f 322/3/119 327/3/120 321/3/121
f 328/3/120 327/3/122 322/3/123
f 319/3/83 321/3/121 320/3/83
f 322/3/119 321/3/121 319/3/83
f 325/3/124 329/3/124 326/3/124
f 326/3/124 329/3/124 330/3/124
f 329/3/124 334/3/125 330/3/124
f 330/3/124 334/3/125 333/3/126
f 334/3/125 337/3/127 333/3/126
f 333/3/126 337/3/127 338/3/128
f 337/3/127 341/3/129 338/3/128
f 338/3/128 341/3/129 342/3/130
f 341/3/129 345/3/131 342/3/130
f 342/3/130 345/3/131 346/3/131
f 345/3/131 349/3/131 346/3/131
f 346/3/131 349/3/131 350/3/131
f 349/3/131 353/3/132 350/3/131
f 350/3/131 353/3/132 354/3/132
f 353/3/132 357/3/131 354/3/132
f 354/3/132 357/3/131 358/3/131
f 357/3/131 361/3/131 358/3/131
f 358/3/131 361/3/131 362/3/131
f 361/3/131 366/3/131 362/3/131
f 362/3/131 366/3/131 365/3/131
f 366/3/133 369/3/134 365/3/133
f 365/3/133 369/3/135 370/3/135
f 369/3/135 373/3/136 370/3/135
f 370/3/135 373/3/136 374/3/137
f 373/3/136 377/3/138 374/3/137
f 374/3/137 377/3/138 378/3/138
f 377/3/138 381/3/138 378/3/138
f 378/3/138 381/3/138 382/3/138
f 381/3/138 385/3/138 382/3/138
f 382/3/138 385/3/138 386/3/138
f 385/3/138 390/3/138 386/3/138
f 386/3/138 390/3/138 389/3/138
f 390/3/138 393/3/138 389/3/138
f 389/3/138 393/3/138 394/3/138
f 393/3/138 397/3/138 394/3/138
f 394/3/138 397/3/138 398/3/138
f 397/3/138 402/3/138 398/3/138
f 398/3/138 402/3/138 401/3/138
f 402/3/138 405/3/138 401/3/138
f 401/3/138 405/3/138 406/3/138
f 405/3/138 409/3/138 406/3/138
f 406/3/138 409/3/138 410/3/138
f 409/3/138 412/3/138 410/3/138
f 410/3/138 412/3/138 413/3/138
f 412/3/139 417/3/134 413/3/139
f 413/3/139 417/3/134 416/3/135
f 417/3/134 420/3/136 416/3/135
f 416/3/135 420/3/136 421/3/137
f 420/3/136 425/3/138 421/3/137
f 421/3/137 425/3/138 424/3/138
f 425/3/138 428/3/138 424/3/138
f 424/3/138 428/3/138 429/3/138
f 428/3/138 433/3/138 429/3/138
f 429/3/138 433/3/138 432/3/138
f 433/3/138 437/3/138 432/3/138
f 432/3/138 437/3/138 436/3/138
f 437/3/138 440/3/138 436/3/138
f 436/3/138 440/3/138 441/3/138
f 440/3/138 444/3/138 441/3/138
f 441/3/138 444/3/138 445/3/138
f 444/3/138 448/3/138 445/3/138
f 445/3/138 448/3/138 449/3/138
f 448/3/138 452/3/138 449/3/138
f 449/3/138 452/3/138 453/3/138
f 452/3/138 457/3/138 453/3/138
f 453/3/138 457/3/138 456/3/138
f 457/3/139 460/3/139 456/3/139
f 456/3/139 460/3/139 461/3/139
f 460/3/140 705/3/141 466/3/142
f 466/3/142 705/3/141 706/3/141
f 460/3/140 466/3/142 461/3/139
f 461/3/139 466/3/142 467/3/139
f 468/3/143 473/3/143 469/3/143
f 469/3/143 473/3/143 472/3/143
f 473/3/143 477/3/144 472/3/143
f 472/3/143 477/3/144 476/3/143
f 477/3/144 480/3/143 476/3/143
f 476/3/143 480/3/143 481/3/143
f 480/3/143 484/3/144 481/3/143
f 481/3/143 484/3/144 485/3/143
f 484/3/144 489/3/144 485/3/143
f 485/3/143 489/3/143 488/3/143
f 489/3/133 494/3/133 488/3/133
f 488/3/133 494/3/133 495/3/133
f 496/3/145 498/3/146 497/3/145
f 497/3/145 498/3/146 499/3/146
f 498/3/146 500/3/147 499/3/146
f 499/3/148 500/3/147 501/3/147
f 719/3/149 496/3/149 720/3/149
f 720/3/149 496/3/149 497/3/149
f 500/3/150 502/3/150 501/3/150
f 501/3/150 502/3/150 503/3/150
f 715/3/151 719/3/152 716/3/151
f 716/3/151 719/3/152 720/3/153
f 712/3/154 715/3/151 711/3/154
f 711/3/154 715/3/151 716/3/151
f 502/3/150 504/3/150 503/3/150
f 503/3/150 504/3/150 505/3/150
f 707/3/155 712/3/154 708/3/156
f 708/3/156 712/3/154 711/3/154
f 504/3/139 506/3/157 505/3/139
f 505/3/139 506/3/158 507/3/159
f 700/3/160 707/3/153 701/3/160
f 701/3/160 707/3/153 708/3/153
f 506/3/158 508/3/161 507/3/159
f 507/3/159 508/3/161 509/3/162
f 696/3/163 700/3/160 697/3/164
f 697/3/164 700/3/160 701/3/160
f 693/3/165 696/3/163 692/3/166
f 692/3/166 696/3/163 697/3/164
f 508/3/161 510/3/167 509/3/162
f 509/3/162 510/3/167 511/3/167
f 688/3/156 693/3/165 689/3/155
f 689/3/155 693/3/165 692/3/166
f 510/3/167 512/3/167 511/3/167
f 511/3/167 512/3/167 513/3/167
f 685/3/168 688/3/169 684/3/170
f 684/3/170 688/3/169 689/3/153
f 681/3/171 685/3/168 680/3/171
f 680/3/171 685/3/168 684/3/170
f 512/3/167 514/3/167 513/3/167
f 513/3/167 514/3/167 515/3/167
f 676/3/172 681/3/171 677/3/172
f 677/3/172 681/3/171 680/3/171
f 672/3/173 676/3/172 673/3/174
f 673/3/174 676/3/172 677/3/172
f 514/3/167 516/3/175 515/3/167
f 515/3/167 516/3/175 517/3/175
f 668/3/176 672/3/173 669/3/177
f 669/3/177 672/3/173 673/3/174
f 516/3/175 518/3/167 517/3/175
f 517/3/175 518/3/167 519/3/167
f 664/3/178 668/3/176 665/3/179
f 665/3/179 668/3/176 669/3/177
f 660/3/156 664/3/180 661/3/156
f 661/3/156 664/3/178 665/3/179
f 518/3/167 520/3/167 519/3/167
f 519/3/167 520/3/167 521/3/181
f 656/3/182 660/3/153 657/3/183
f 657/3/183 660/3/153 661/3/153
f 520/3/167 522/3/184 521/3/181
f 521/3/181 522/3/184 523/3/185
f 652/3/186 656/3/182 653/3/176
f 653/3/176 656/3/182 657/3/183
f 648/3/187 652/3/186 649/3/188
f 649/3/188 652/3/186 653/3/176
f 522/3/184 525/3/189 523/3/185
f 523/3/185 525/3/189 524/3/189
f 645/3/156 648/3/187 644/3/190
f 644/3/190 648/3/187 649/3/188
f 525/3/189 526/3/189 524/3/189
f 524/3/189 526/3/189 527/3/189
f 407/3/191 645/3/192 639/3/193
f 639/3/194 645/3/195 640/3/196
f 640/3/196 645/3/195 644/3/197
f 526/3/139 528/3/198 527/3/139
f 527/3/139 528/3/199 529/3/199
f 635/3/200 641/3/200 634/3/200
f 634/3/201 641/3/202 640/3/201
f 528/3/199 531/3/203 529/3/199
f 529/3/199 531/3/203 530/3/204
f 630/3/205 635/3/205 631/3/205
f 631/3/205 635/3/205 634/3/205
f 531/3/203 532/3/189 530/3/204
f 530/3/204 532/3/189 533/3/189
f 626/3/206 630/3/206 627/3/206
f 627/3/206 630/3/206 631/3/206
f 623/3/207 626/3/206 622/3/207
f 622/3/207 626/3/206 627/3/206
f 532/3/189 534/3/189 533/3/189
f 533/3/189 534/3/189 535/3/189
f 619/3/208 623/3/207 618/3/209
f 618/3/209 623/3/207 622/3/207
f 615/3/210 619/3/208 614/3/210
f 614/3/210 619/3/208 618/3/209
f 534/3/189 536/3/189 535/3/189
f 535/3/189 536/3/189 537/3/189
f 611/3/211 615/3/206 610/3/211
f 610/3/211 615/3/206 614/3/206
f 536/3/189 538/3/212 537/3/189
f 537/3/189 538/3/212 539/3/213
f 606/3/214 611/3/211 607/3/214
f 607/3/214 611/3/211 610/3/211
f 602/3/215 606/3/216 603/3/215
f 603/3/215 606/3/214 607/3/214
f 538/3/212 541/3/217 539/3/213
f 539/3/213 541/3/217 540/3/217
f 598/3/218 602/3/206 599/3/218
f 599/3/218 602/3/206 603/3/206
f 541/3/217 543/3/217 540/3/217
f 540/3/217 543/3/217 542/3/217
f 594/3/219 598/3/218 595/3/220
f 595/3/220 598/3/218 599/3/218
f 590/3/214 594/3/219 591/3/214
f 591/3/214 594/3/219 595/3/220
f 543/3/217 544/3/221 542/3/217
f 542/3/217 544/3/221 545/3/222
f 586/3/215 590/3/216 587/3/215
f 587/3/215 590/3/214 591/3/214
f 544/3/221 546/3/223 545/3/222
f 545/3/222 546/3/223 547/3/162
f 582/3/218 586/3/206 583/3/218
f 583/3/218 586/3/206 587/3/206
f 578/3/219 582/3/218 579/3/220
f 579/3/220 582/3/218 583/3/218
f 546/3/223 548/3/224 547/3/162
f 547/3/162 548/3/224 549/3/225
f 574/3/214 578/3/219 575/3/214
f 575/3/214 578/3/219 579/3/220
f 571/3/215 574/3/216 570/3/215
f 570/3/215 574/3/214 575/3/214
f 548/3/224 550/3/226 549/3/225
f 549/3/226 550/3/226 551/3/226
f 566/3/211 571/3/218 567/3/211
f 567/3/211 571/3/218 570/3/218
f 550/3/139 552/3/139 551/3/139
f 551/3/139 552/3/139 553/3/139
f 562/3/214 566/3/211 563/3/214
f 563/3/214 566/3/211 567/3/211
f 552/3/227 556/3/227 553/3/227
f 553/3/227 556/3/227 557/3/227
f 561/3/228 562/3/216 560/3/228
f 560/3/228 562/3/214 563/3/214
f 558/3/206 561/3/206 559/3/206
f 559/3/206 561/3/206 560/3/206
usemtl palette.007
f 789/3/1 788/3/1 787/3/1
f 790/3/1 788/3/1 789/3/1
f 931/3/1 929/3/1 928/3/1
f 932/3/1 931/3/1 930/3/1
f 933/3/1 929/3/1 931/3/1
f 933/3/1 931/3/1 932/3/1
f 956/3/20 955/3/20 954/3/20
f 957/3/20 955/3/20 956/3/20
f 960/3/1 959/3/1 958/3/1
f 961/3/1 959/3/1 960/3/1
f 1103/3/21 1104/3/21 1105/3/21
f 1166/3/3 1167/3/3 1168/3/3
f 1166/3/3 1168/3/3 1169/3/3
f 1169/3/3 1168/3/3 1170/3/3
f 793/3/5 789/3/5 787/3/5
f 1028/3/5 793/3/5 787/3/5
f 1028/3/5 798/3/5 793/3/5
f 801/3/5 798/3/5 1028/3/5
f 1033/3/5 801/3/5 1028/3/5
f 805/3/5 801/3/5 1033/3/5
f 1036/3/5 805/3/5 1033/3/5
f 809/3/5 805/3/5 1036/3/5
f 1040/3/5 809/3/5 1036/3/5
f 813/3/5 809/3/5 1040/3/5
f 1044/3/5 813/3/5 1040/3/5
f 817/3/5 813/3/5 1044/3/5
f 1048/3/5 817/3/5 1044/3/5
f 821/3/5 817/3/5 1048/3/5
f 1052/3/5 821/3/5 1048/3/5
f 825/3/5 821/3/5 1052/3/5
f 1056/3/5 825/3/5 1052/3/5
f 830/3/5 825/3/5 1056/3/5
f 1060/3/5 830/3/5 1056/3/5
f 833/3/5 830/3/5 1060/3/5
f 1064/3/5 833/3/5 1060/3/5
f 837/3/5 833/3/5 1064/3/5
f 1069/3/5 837/3/5 1064/3/5
f 841/3/5 837/3/5 1069/3/5
f 1072/3/5 841/3/5 1069/3/5
f 845/3/5 841/3/5 1072/3/5
f 1076/3/5 845/3/5 1072/3/5
f 849/3/5 845/3/5 1076/3/5
f 1080/3/5 849/3/5 1076/3/5
f 854/3/5 849/3/5 1080/3/5
f 1084/3/5 854/3/5 1080/3/5
f 857/3/5 854/3/5 1084/3/5
f 1088/3/5 857/3/5 1084/3/5
f 861/3/5 857/3/5 1088/3/5
f 1092/3/5 861/3/5 1088/3/5
f 866/3/5 861/3/5 1092/3/5
f 1096/3/5 866/3/5 1092/3/5
f 869/3/5 866/3/5 1096/3/5
f 1100/3/5 869/3/5 1096/3/5
f 873/3/5 869/3/5 1100/3/5
f 1106/3/5 873/3/5 1100/3/5
f 876/3/5 873/3/5 1106/3/5
f 1111/3/5 876/3/5 1106/3/5
f 881/3/5 876/3/5 1111/3/5
f 1114/3/5 881/3/5 1111/3/5
f 884/3/5 881/3/5 1114/3/5
f 1119/3/5 884/3/5 1114/3/5
f 889/3/5 884/3/5 1119/3/5
f 1122/3/5 889/3/5 1119/3/5
f 892/3/5 889/3/5 1122/3/5
f 1126/3/5 892/3/5 1122/3/5
f 897/3/5 892/3/5 1126/3/5
f 1131/3/5 897/3/5 1126/3/5
f 901/3/5 897/3/5 1131/3/5
f 1134/3/5 901/3/5 1131/3/5
f 904/3/5 901/3/5 1134/3/5
f 1139/3/5 904/3/5 1134/3/5
f 908/3/5 904/3/5 1139/3/5
f 1142/3/5 908/3/5 1139/3/5
f 912/3/5 908/3/5 1142/3/5
f 1146/3/5 912/3/5 1142/3/5
f 916/3/5 912/3/5 1146/3/5
f 1150/3/5 916/3/5 1146/3/5
f 921/3/5 916/3/5 1150/3/5
f 1155/3/5 921/3/5 1150/3/5
f 924/3/5 921/3/5 1155/3/5
f 1158/3/5 924/3/5 1155/3/5
f 1162/3/5 924/3/5 1158/3/5
f 1166/3/5 924/3/5 1162/3/5
f 1169/3/5 924/3/5 1166/3/5
f 1109/3/22 875/3/23 878/3/5
f 1109/3/22 871/3/24 875/3/23
f 883/3/5 1109/3/22 878/3/5
f 1112/3/5 1109/3/22 883/3/5
f 887/3/5 1112/3/5 883/3/5
f 1116/3/5 1112/3/5 887/3/5
f 890/3/5 1116/3/5 887/3/5
f 1120/3/5 1116/3/5 890/3/5
f 894/3/5 1120/3/5 890/3/5
f 1124/3/5 1120/3/5 894/3/5
f 898/3/5 1124/3/5 894/3/5
f 1128/3/5 1124/3/5 898/3/5
f 902/3/5 1128/3/5 898/3/5
f 1132/3/5 1128/3/5 902/3/5
f 906/3/5 1132/3/5 902/3/5
f 1136/3/5 1132/3/5 906/3/5
f 910/3/5 1136/3/5 906/3/5
f 1140/3/5 1136/3/5 910/3/5
f 914/3/5 1140/3/5 910/3/5
f 1145/3/5 1140/3/5 914/3/5
f 919/3/5 1145/3/5 914/3/5
f 1149/3/5 1145/3/5 919/3/5
f 922/3/5 1149/3/5 919/3/5
f 1152/3/5 1149/3/5 922/3/5
f 926/3/5 1152/3/5 922/3/5
f 1157/3/5 1152/3/5 926/3/5
f 934/3/5 1157/3/5 926/3/5
f 1160/3/5 1157/3/5 934/3/5
f 937/3/5 932/3/5 930/3/5
f 938/3/5 1160/3/5 934/3/5
f 1164/3/5 1160/3/5 938/3/5
f 1170/3/5 937/3/5 930/3/5
f 941/3/5 937/3/5 1170/3/5
f 942/3/5 1164/3/5 938/3/5
f 1171/3/5 1164/3/5 942/3/5
f 1173/3/5 941/3/5 1170/3/5
f 1173/3/5 1170/3/5 1168/3/5
f 944/3/5 941/3/5 1173/3/5
f 946/3/5 1171/3/5 942/3/5
f 1176/3/5 1171/3/5 946/3/5
f 1177/3/5 944/3/5 1173/3/5
f 948/3/5 944/3/5 1177/3/5
f 950/3/5 1176/3/5 946/3/5
f 1179/3/5 1176/3/5 950/3/5
f 1181/3/5 948/3/5 1177/3/5
f 953/3/5 948/3/5 1181/3/5
f 956/3/5 1179/3/5 950/3/5
f 1183/3/5 1179/3/5 956/3/5
f 1186/3/5 953/3/5 1181/3/5
f 958/3/5 953/3/5 1186/3/5
f 960/3/25 1183/3/5 956/3/5
f 960/3/26 956/3/5 954/3/5
f 1188/3/5 958/3/5 1186/3/5
f 1188/3/5 960/3/5 958/3/5
f 962/3/5 960/3/5 1188/3/5
f 1189/3/5 962/3/5 1188/3/5
f 964/3/5 962/3/5 1189/3/5
f 1191/3/5 964/3/5 1189/3/5
f 966/3/5 964/3/5 1191/3/5
f 1194/3/5 966/3/5 1191/3/5
f 968/3/5 966/3/5 1194/3/5
f 1195/3/5 968/3/5 1194/3/5
f 970/3/5 968/3/5 1195/3/5
f 1197/3/5 970/3/5 1195/3/5
f 972/3/5 970/3/5 1197/3/5
f 1200/3/5 972/3/5 1197/3/5
f 974/3/5 972/3/5 1200/3/5
f 1202/3/5 974/3/5 1200/3/5
f 976/3/5 974/3/5 1202/3/5
f 1203/3/5 976/3/5 1202/3/5
f 978/3/5 976/3/5 1203/3/5
f 1205/3/5 978/3/5 1203/3/5
f 980/3/5 978/3/5 1205/3/5
f 1207/3/5 980/3/5 1205/3/5
f 982/3/5 980/3/5 1207/3/5
f 1209/3/5 982/3/5 1207/3/5
f 984/3/5 982/3/5 1209/3/5
f 1211/3/5 984/3/5 1209/3/5
f 986/3/5 984/3/5 1211/3/5
f 1213/3/5 986/3/5 1211/3/5
f 989/3/5 986/3/5 1213/3/5
f 1215/3/5 989/3/5 1213/3/5
f 990/3/5 989/3/5 1215/3/5
f 1217/3/5 990/3/5 1215/3/5
f 992/3/5 990/3/5 1217/3/5
f 1220/3/5 992/3/5 1217/3/5
f 995/3/5 992/3/5 1220/3/5
f 1221/3/5 995/3/5 1220/3/5
f 996/3/5 995/3/5 1221/3/5
f 1223/3/5 996/3/5 1221/3/5
f 998/3/5 996/3/5 1223/3/5
f 1226/3/5 998/3/5 1223/3/5
f 1000/3/5 998/3/5 1226/3/5
f 1227/3/5 1000/3/5 1226/3/5
f 1002/3/5 1000/3/5 1227/3/5
f 1229/3/5 1002/3/5 1227/3/5
f 1005/3/5 1002/3/5 1229/3/5
f 1231/3/5 1005/3/5 1229/3/5
f 1007/3/5 1005/3/5 1231/3/5
f 1233/3/5 1007/3/5 1231/3/5
f 1008/3/5 1007/3/5 1233/3/5
f 1236/3/5 1008/3/5 1233/3/5
f 1010/3/5 1008/3/5 1236/3/5
f 1237/3/5 1010/3/5 1236/3/5
f 1012/3/5 1010/3/5 1237/3/5
f 1239/3/5 1012/3/5 1237/3/5
f 1014/3/5 1012/3/5 1239/3/5
f 1241/3/5 1014/3/5 1239/3/5
f 1016/3/5 1014/3/5 1241/3/5
f 1243/3/5 1016/3/5 1241/3/5
f 1245/3/5 1016/3/5 1243/3/5
f 1018/3/5 1016/3/5 1245/3/5
f 1020/3/5 1016/3/5 1018/3/5
f 1022/3/5 784/3/8 785/3/5
f 1022/3/5 785/3/5 791/3/5
f 795/3/5 1022/3/5 791/3/5
f 1025/3/5 1022/3/5 795/3/5
f 799/3/5 1025/3/5 795/3/5
f 1026/3/5 1025/3/5 799/3/5
f 803/3/5 1026/3/5 799/3/5
f 1030/3/5 1026/3/5 803/3/5
f 807/3/5 1030/3/5 803/3/5
f 1035/3/5 1030/3/5 807/3/5
f 811/3/5 1035/3/5 807/3/5
f 1038/3/5 1035/3/5 811/3/5
f 815/3/5 1038/3/5 811/3/5
f 1042/3/5 1038/3/5 815/3/5
f 819/3/5 1042/3/5 815/3/5
f 1046/3/5 1042/3/5 819/3/5
f 823/3/5 1046/3/5 819/3/5
f 1050/3/5 1046/3/5 823/3/5
f 827/3/5 1050/3/5 823/3/5
f 1054/3/5 1050/3/5 827/3/5
f 831/3/5 1054/3/5 827/3/5
f 1058/3/5 1054/3/5 831/3/5
f 835/3/5 1058/3/5 831/3/5
f 1062/3/5 1058/3/5 835/3/5
f 839/3/5 1062/3/5 835/3/5
f 1066/3/5 1062/3/5 839/3/5
f 843/3/5 1066/3/5 839/3/5
f 1070/3/5 1066/3/5 843/3/5
f 847/3/5 1070/3/5 843/3/5
f 1075/3/5 1070/3/5 847/3/5
f 851/3/5 1075/3/5 847/3/5
f 1079/3/5 1075/3/5 851/3/5
f 855/3/5 1079/3/5 851/3/5
f 1083/3/5 1079/3/5 855/3/5
f 859/3/5 1083/3/5 855/3/5
f 1087/3/5 1083/3/5 859/3/5
f 863/3/5 1087/3/5 859/3/5
f 1090/3/5 1087/3/5 863/3/5
f 867/3/27 1090/3/5 863/3/5
f 1094/3/28 1090/3/5 867/3/27
f 871/3/29 1094/3/28 867/3/27
f 1099/3/30 1094/3/28 871/3/29
f 1103/3/31 1099/3/30 871/3/29
f 1105/3/32 1099/3/30 1103/3/31
f 788/3/8 790/3/8 794/3/8
f 788/3/8 794/3/8 1029/3/8
f 794/3/8 797/3/8 1029/3/8
f 1029/3/8 797/3/8 802/3/8
f 1029/3/8 802/3/8 1032/3/8
f 1032/3/8 802/3/8 806/3/8
f 1032/3/8 806/3/8 1037/3/8
f 1037/3/8 806/3/8 810/3/8
f 1037/3/8 810/3/8 1041/3/8
f 1041/3/8 810/3/8 814/3/8
f 1041/3/8 814/3/8 1045/3/8
f 1045/3/8 814/3/8 818/3/8
f 1045/3/8 818/3/8 1049/3/8
f 1049/3/8 818/3/8 822/3/8
f 1049/3/8 822/3/8 1053/3/8
f 1053/3/8 822/3/8 826/3/8
f 1053/3/8 826/3/8 1057/3/8
f 1057/3/8 826/3/8 829/3/8
f 1057/3/8 829/3/8 1061/3/8
f 1061/3/8 829/3/8 834/3/8
f 1061/3/8 834/3/8 1065/3/8
f 1065/3/8 834/3/8 838/3/8
f 1065/3/8 838/3/8 1068/3/8
f 1068/3/8 838/3/8 842/3/8
f 1068/3/8 842/3/8 1073/3/8
f 1073/3/8 842/3/8 846/3/8
f 1073/3/8 846/3/8 1077/3/8
f 1077/3/8 846/3/8 850/3/8
f 1077/3/8 850/3/8 1081/3/8
f 1081/3/8 850/3/8 853/3/8
f 1081/3/8 853/3/8 1085/3/8
f 1085/3/8 853/3/8 858/3/8
f 1085/3/8 858/3/8 1089/3/8
f 1089/3/8 858/3/8 862/3/8
f 1089/3/8 862/3/8 1093/3/8
f 1093/3/8 862/3/8 865/3/8
f 1093/3/8 865/3/8 1097/3/8
f 1097/3/8 865/3/8 870/3/8
f 1097/3/8 870/3/8 1101/3/8
f 1101/3/8 870/3/8 874/3/8
f 1101/3/8 874/3/8 1107/3/8
f 1107/3/8 874/3/8 877/3/8
f 1107/3/8 877/3/8 1110/3/8
f 1110/3/8 877/3/8 880/3/8
f 1110/3/8 880/3/8 1115/3/8
f 1115/3/8 880/3/8 885/3/8
f 1115/3/8 885/3/8 1118/3/8
f 1118/3/8 885/3/8 888/3/8
f 1118/3/8 888/3/8 1123/3/8
f 1123/3/8 888/3/8 893/3/8
f 1123/3/8 893/3/8 1127/3/8
f 1127/3/8 893/3/8 896/3/8
f 1127/3/8 896/3/8 1130/3/8
f 1130/3/8 896/3/8 900/3/8
f 1130/3/8 900/3/8 1135/3/8
f 1135/3/8 900/3/8 905/3/8
f 1135/3/8 905/3/8 1138/3/8
f 1138/3/8 905/3/8 909/3/8
f 1138/3/8 909/3/8 1143/3/8
f 1143/3/8 909/3/8 913/3/8
f 1143/3/8 913/3/8 1147/3/8
f 1147/3/8 913/3/8 917/3/8
f 1147/3/8 917/3/8 1151/3/8
f 1151/3/8 917/3/8 920/3/8
f 1151/3/8 920/3/8 1154/3/8
f 1154/3/8 920/3/8 925/3/8
f 1154/3/8 925/3/8 1159/3/8
f 1159/3/8 925/3/8 928/3/8
f 928/3/8 925/3/8 931/3/8
f 1159/3/8 928/3/8 1163/3/8
f 1163/3/8 928/3/8 1167/3/8
f 1102/3/33 1104/3/34 879/3/35
f 879/3/35 1104/3/34 1108/3/36
f 879/3/35 1108/3/36 882/3/8
f 882/3/8 1108/3/36 1113/3/8
f 882/3/8 1113/3/8 886/3/8
f 886/3/8 1113/3/8 1117/3/8
f 886/3/8 1117/3/8 891/3/8
f 891/3/8 1117/3/8 1121/3/8
f 891/3/8 1121/3/8 895/3/8
f 895/3/8 1121/3/8 1125/3/8
f 895/3/8 1125/3/8 899/3/8
f 899/3/8 1125/3/8 1129/3/8
f 899/3/8 1129/3/8 903/3/8
f 903/3/8 1129/3/8 1133/3/8
f 903/3/8 1133/3/8 907/3/8
f 907/3/8 1133/3/8 1137/3/8
f 907/3/8 1137/3/8 911/3/8
f 911/3/8 1137/3/8 1141/3/8
f 911/3/8 1141/3/8 915/3/8
f 915/3/8 1141/3/8 1144/3/8
f 915/3/8 1144/3/8 918/3/8
f 918/3/8 1144/3/8 1148/3/8
f 918/3/8 1148/3/8 923/3/8
f 923/3/8 1148/3/8 1153/3/8
f 923/3/8 1153/3/8 927/3/8
f 927/3/8 1153/3/8 1156/3/8
f 927/3/8 1156/3/8 935/3/8
f 935/3/8 1156/3/8 1161/3/8
f 929/3/8 933/3/8 936/3/8
f 935/3/8 1161/3/8 939/3/8
f 939/3/8 1161/3/8 1165/3/8
f 939/3/8 1165/3/8 943/3/8
f 943/3/8 1165/3/8 1172/3/8
f 929/3/8 936/3/8 1174/3/8
f 936/3/8 940/3/8 1174/3/8
f 1174/3/8 940/3/8 945/3/8
f 943/3/8 1172/3/8 947/3/8
f 947/3/8 1172/3/8 1175/3/8
f 1174/3/8 945/3/8 1178/3/8
f 1178/3/8 945/3/8 949/3/8
f 947/3/8 1175/3/8 951/3/8
f 951/3/8 1175/3/8 1180/3/8
f 1178/3/8 949/3/8 1182/3/8
f 1182/3/8 949/3/8 952/3/8
f 951/3/8 1180/3/8 957/3/8
f 957/3/8 1180/3/8 1184/3/8
f 1182/3/8 952/3/8 1185/3/8
f 1185/3/8 952/3/8 959/3/8
f 957/3/8 1184/3/8 961/3/8
f 955/3/8 957/3/8 961/3/8
f 1185/3/8 959/3/8 1187/3/8
f 959/3/8 961/3/8 1187/3/8
f 1187/3/8 961/3/8 963/3/8
f 1187/3/8 963/3/8 1190/3/8
f 1190/3/8 963/3/8 965/3/8
f 1190/3/8 965/3/8 1192/3/8
f 1192/3/8 965/3/8 967/3/8
f 1192/3/8 967/3/8 1193/3/8
f 1193/3/8 967/3/8 969/3/8
f 1193/3/8 969/3/8 1196/3/8
f 1196/3/8 969/3/8 971/3/8
f 1196/3/8 971/3/8 1198/3/8
f 1198/3/8 971/3/8 973/3/8
f 1198/3/8 973/3/8 1199/3/8
f 1199/3/8 973/3/8 975/3/8
f 1199/3/8 975/3/8 1201/3/8
f 1201/3/8 975/3/8 977/3/8
f 1201/3/8 977/3/8 1204/3/8
f 1204/3/8 977/3/8 979/3/8
f 1204/3/8 979/3/8 1206/3/8
f 1206/3/8 979/3/8 981/3/8
f 1206/3/8 981/3/8 1208/3/8
f 1208/3/8 981/3/8 983/3/8
f 1208/3/8 983/3/8 1210/3/8
f 1210/3/8 983/3/8 985/3/8
f 1210/3/8 985/3/8 1212/3/8
f 1212/3/8 985/3/8 987/3/8
f 1212/3/8 987/3/8 1214/3/8
f 1214/3/8 987/3/8 988/3/8
f 1214/3/8 988/3/8 1216/3/8
f 1216/3/8 988/3/8 991/3/8
f 1216/3/8 991/3/8 1218/3/8
f 1218/3/8 991/3/8 993/3/8
f 1218/3/8 993/3/8 1219/3/8
f 1219/3/8 993/3/8 994/3/8
f 1219/3/8 994/3/8 1222/3/8
f 1222/3/8 994/3/8 997/3/8
f 1222/3/8 997/3/8 1224/3/8
f 1224/3/8 997/3/8 999/3/8
f 1224/3/8 999/3/8 1225/3/8
f 1225/3/8 999/3/8 1001/3/8
f 1225/3/8 1001/3/8 1228/3/8
f 1228/3/8 1001/3/8 1003/3/8
f 1228/3/8 1003/3/8 1230/3/8
f 1230/3/8 1003/3/8 1004/3/8
f 1230/3/8 1004/3/8 1232/3/8
f 1232/3/8 1004/3/8 1006/3/8
f 1232/3/8 1006/3/8 1234/3/8
f 1234/3/8 1006/3/8 1009/3/8
f 1234/3/8 1009/3/8 1235/3/8
f 1235/3/8 1009/3/8 1011/3/8
f 1235/3/8 1011/3/8 1238/3/8
f 1238/3/8 1011/3/8 1013/3/8
f 1238/3/8 1013/3/8 1240/3/8
f 1240/3/8 1013/3/8 1015/3/8
f 1240/3/8 1015/3/8 1242/3/8
f 1242/3/8 1015/3/8 1017/3/8
f 1242/3/8 1017/3/8 1244/3/8
f 1244/3/8 1017/3/8 1246/3/8
f 1246/3/8 1017/3/8 1019/3/8
f 1019/3/8 1017/3/8 1021/3/8
f 786/3/8 783/3/5 1023/3/8
f 792/3/8 786/3/8 1023/3/8
f 792/3/8 1023/3/8 796/3/8
f 796/3/8 1023/3/8 1024/3/8
f 796/3/8 1024/3/8 800/3/8
f 800/3/8 1024/3/8 1027/3/8
f 800/3/8 1027/3/8 804/3/8
f 804/3/8 1027/3/8 1031/3/8
f 804/3/8 1031/3/8 808/3/8
f 808/3/8 1031/3/8 1034/3/8
f 808/3/8 1034/3/8 812/3/8
f 812/3/8 1034/3/8 1039/3/8
f 812/3/8 1039/3/8 816/3/8
f 816/3/8 1039/3/8 1043/3/8
f 816/3/8 1043/3/8 820/3/8
f 820/3/8 1043/3/8 1047/3/8
f 820/3/8 1047/3/8 824/3/8
f 824/3/8 1047/3/8 1051/3/8
f 824/3/8 1051/3/8 828/3/8
f 828/3/8 1051/3/8 1055/3/8
f 828/3/8 1055/3/8 832/3/8
f 832/3/8 1055/3/8 1059/3/8
f 832/3/8 1059/3/8 836/3/8
f 836/3/8 1059/3/8 1063/3/8
f 836/3/8 1063/3/8 840/3/8
f 840/3/8 1063/3/8 1067/3/8
f 840/3/8 1067/3/8 844/3/8
f 844/3/8 1067/3/8 1071/3/8
f 844/3/8 1071/3/8 848/3/8
f 848/3/8 1071/3/8 1074/3/8
f 848/3/8 1074/3/8 852/3/8
f 852/3/8 1074/3/8 1078/3/8
f 852/3/8 1078/3/8 856/3/8
f 856/3/8 1078/3/8 1082/3/8
f 856/3/8 1082/3/8 860/3/8
f 860/3/8 1082/3/8 1086/3/8
f 860/3/8 1086/3/8 864/3/8
f 864/3/8 1086/3/8 1091/3/8
f 864/3/8 1091/3/8 868/3/8
f 868/3/8 1091/3/8 1095/3/8
f 868/3/8 1095/3/8 872/3/37
f 872/3/37 1095/3/8 1098/3/38
f 872/3/37 1098/3/38 1102/3/39
f 1102/3/39 1098/3/38 1104/3/40
f 788/3/11 1028/3/11 787/3/11
f 1029/3/11 1028/3/11 788/3/11
f 1029/3/41 1033/3/41 1028/3/41
f 1032/3/41 1033/3/41 1029/3/41
f 1032/3/42 1036/3/42 1033/3/42
f 1037/3/42 1036/3/42 1032/3/42
f 1037/3/42 1040/3/42 1036/3/42
f 1041/3/42 1040/3/42 1037/3/42
f 1041/3/42 1044/3/42 1040/3/42
f 1045/3/42 1044/3/42 1041/3/42
f 1045/3/42 1048/3/42 1044/3/42
f 1049/3/42 1048/3/42 1045/3/42
f 1049/3/42 1052/3/42 1048/3/42
f 1053/3/42 1052/3/42 1049/3/42
f 1053/3/42 1056/3/42 1052/3/42
f 1057/3/42 1056/3/42 1053/3/42
f 1057/3/42 1060/3/42 1056/3/42
f 1061/3/42 1060/3/42 1057/3/42
f 1061/3/42 1064/3/42 1060/3/42
f 1065/3/42 1064/3/42 1061/3/42
f 1065/3/42 1069/3/43 1064/3/42
f 1068/3/44 1069/3/43 1065/3/42
f 1068/3/44 1072/3/45 1069/3/43
f 1073/3/46 1072/3/45 1068/3/44
f 1073/3/46 1076/3/41 1072/3/45
f 1077/3/41 1076/3/41 1073/3/46
f 1077/3/47 1080/3/42 1076/3/42
f 1081/3/42 1080/3/42 1077/3/47
f 1081/3/42 1084/3/42 1080/3/42
f 1085/3/42 1084/3/42 1081/3/42
f 1085/3/42 1088/3/42 1084/3/42
f 1089/3/47 1088/3/42 1085/3/42
f 1089/3/47 1092/3/42 1088/3/42
f 1093/3/47 1092/3/42 1089/3/47
f 1093/3/47 1096/3/42 1092/3/42
f 1097/3/42 1096/3/42 1093/3/47
f 1097/3/42 1100/3/42 1096/3/42
f 1101/3/42 1100/3/42 1097/3/42
f 1101/3/42 1106/3/42 1100/3/42
f 1107/3/42 1106/3/42 1101/3/42
f 1107/3/42 1111/3/42 1106/3/42
f 1110/3/42 1111/3/42 1107/3/42
f 1110/3/42 1114/3/42 1111/3/42
f 1115/3/42 1114/3/42 1110/3/42
f 1115/3/42 1119/3/43 1114/3/42
f 1118/3/44 1119/3/43 1115/3/42
f 1118/3/44 1122/3/45 1119/3/43
f 1123/3/46 1122/3/45 1118/3/44
f 1123/3/46 1126/3/41 1122/3/45
f 1127/3/41 1126/3/41 1123/3/46
f 1127/3/47 1131/3/42 1126/3/42
f 1130/3/42 1131/3/42 1127/3/47
f 1130/3/42 1134/3/42 1131/3/42
f 1135/3/42 1134/3/42 1130/3/42
f 1135/3/42 1139/3/42 1134/3/42
f 1138/3/42 1139/3/42 1135/3/42
f 1138/3/42 1142/3/42 1139/3/42
f 1143/3/42 1142/3/42 1138/3/42
f 1143/3/42 1146/3/42 1142/3/42
f 1147/3/42 1146/3/42 1143/3/42
f 1147/3/42 1150/3/47 1146/3/42
f 1151/3/47 1150/3/47 1147/3/42
f 1151/3/47 1155/3/42 1150/3/47
f 1154/3/42 1155/3/42 1151/3/47
f 1154/3/42 1158/3/42 1155/3/42
f 1159/3/42 1158/3/42 1154/3/42
f 1159/3/42 1162/3/47 1158/3/42
f 1163/3/48 1162/3/47 1159/3/42
f 1163/3/48 1166/3/49 1162/3/47
f 1167/3/50 1166/3/49 1163/3/48
f 1167/3/51 1173/3/41 1168/3/52
f 929/3/53 1167/3/51 928/3/53
f 1174/3/51 1173/3/41 1167/3/51
f 1174/3/51 1167/3/51 929/3/53
f 1174/3/54 1177/3/55 1173/3/54
f 1178/3/56 1177/3/55 1174/3/54
f 1178/3/56 1181/3/57 1177/3/55
f 1182/3/57 1181/3/57 1178/3/56
f 1182/3/57 1186/3/57 1181/3/57
f 1185/3/57 1186/3/57 1182/3/57
f 1185/3/57 1188/3/57 1186/3/57
f 1187/3/57 1188/3/57 1185/3/57
f 1187/3/57 1189/3/57 1188/3/57
f 1190/3/57 1189/3/57 1187/3/57
f 1190/3/57 1191/3/57 1189/3/57
f 1192/3/57 1191/3/57 1190/3/57
f 1192/3/57 1194/3/57 1191/3/57
f 1193/3/57 1194/3/57 1192/3/57
f 1193/3/57 1195/3/57 1194/3/57
f 1196/3/57 1195/3/57 1193/3/57
f 955/3/58 960/3/58 954/3/58
f 961/3/58 960/3/58 955/3/58
f 951/3/59 956/3/59 950/3/59
f 957/3/59 956/3/59 951/3/59
f 1196/3/57 1197/3/60 1195/3/57
f 1198/3/57 1197/3/60 1196/3/57
f 947/3/61 950/3/62 946/3/63
f 951/3/62 950/3/64 947/3/65
f 1198/3/57 1200/3/66 1197/3/60
f 1199/3/67 1200/3/66 1198/3/57
f 943/3/68 946/3/63 942/3/69
f 947/3/61 946/3/63 943/3/68
f 939/3/59 942/3/69 938/3/59
f 943/3/68 942/3/69 939/3/59
f 1199/3/67 1202/3/70 1200/3/66
f 1201/3/71 1202/3/70 1199/3/67
f 1201/3/71 1203/3/41 1202/3/70
f 1204/3/41 1203/3/41 1201/3/71
f 935/3/72 938/3/73 934/3/74
f 939/3/73 938/3/64 935/3/65
f 927/3/75 934/3/74 926/3/75
f 935/3/72 934/3/74 927/3/75
f 1204/3/57 1205/3/57 1203/3/57
f 1206/3/57 1205/3/57 1204/3/57
f 923/3/76 926/3/75 922/3/77
f 927/3/75 926/3/75 923/3/76
f 918/3/59 922/3/77 919/3/59
f 923/3/76 922/3/77 918/3/59
f 1206/3/57 1207/3/57 1205/3/57
f 1208/3/57 1207/3/57 1206/3/57
f 915/3/78 919/3/62 914/3/79
f 918/3/62 919/3/64 915/3/64
f 1208/3/57 1209/3/57 1207/3/57
f 1210/3/57 1209/3/57 1208/3/57
f 911/3/80 914/3/79 910/3/80
f 915/3/78 914/3/79 911/3/80
f 907/3/81 910/3/80 906/3/82
f 911/3/80 910/3/80 907/3/81
f 1210/3/57 1211/3/57 1209/3/57
f 1212/3/57 1211/3/57 1210/3/57
f 903/3/83 906/3/82 902/3/59
f 907/3/81 906/3/82 903/3/83
f 1212/3/57 1213/3/57 1211/3/57
f 1214/3/57 1213/3/57 1212/3/57
f 899/3/84 902/3/85 898/3/86
f 903/3/85 902/3/87 899/3/88
f 895/3/89 898/3/86 894/3/90
f 899/3/84 898/3/86 895/3/89
f 1214/3/57 1215/3/60 1213/3/57
f 1216/3/57 1215/3/60 1214/3/57
f 891/3/91 894/3/90 890/3/92
f 895/3/89 894/3/90 891/3/91
f 1216/3/57 1217/3/56 1215/3/60
f 1218/3/93 1217/3/56 1216/3/57
f 886/3/94 890/3/95 887/3/96
f 891/3/95 890/3/97 886/3/98
f 882/3/99 887/3/96 883/3/99
f 886/3/94 887/3/96 882/3/99
f 1218/3/93 1220/3/100 1217/3/56
f 1219/3/101 1220/3/100 1218/3/93
f 879/3/102 883/3/99 878/3/102
f 882/3/99 883/3/99 879/3/102
f 1102/3/103 878/3/102 875/3/104
f 879/3/102 878/3/102 1102/3/103
f 1219/3/101 1221/3/105 1220/3/100
f 1222/3/106 1221/3/105 1219/3/101
f 1102/3/107 875/3/108 871/3/109
f 1222/3/106 1223/3/110 1221/3/105
f 1224/3/111 1223/3/110 1222/3/106
f 872/3/112 1102/3/107 871/3/109
f 1224/3/111 1226/3/41 1223/3/110
f 1225/3/41 1226/3/41 1224/3/111
f 868/3/113 871/3/109 867/3/114
f 872/3/112 871/3/109 868/3/113
f 864/3/59 867/3/114 863/3/83
f 868/3/113 867/3/114 864/3/59
f 1225/3/100 1227/3/100 1226/3/100
f 1228/3/101 1227/3/100 1225/3/100
f 860/3/61 863/3/73 859/3/115
f 864/3/73 863/3/64 860/3/65
f 1228/3/101 1229/3/116 1227/3/100
f 1230/3/117 1229/3/116 1228/3/101
f 856/3/113 859/3/115 855/3/68
f 860/3/61 859/3/115 856/3/113
f 852/3/83 855/3/68 851/3/59
f 856/3/113 855/3/68 852/3/83
f 1230/3/117 1231/3/118 1229/3/116
f 1232/3/118 1231/3/118 1230/3/117
f 848/3/59 851/3/59 847/3/59
f 852/3/83 851/3/59 848/3/59
f 1232/3/118 1233/3/118 1231/3/118
f 1234/3/118 1233/3/118 1232/3/118
f 844/3/61 847/3/73 843/3/115
f 848/3/73 847/3/64 844/3/65
f 840/3/68 843/3/115 839/3/69
f 844/3/61 843/3/115 840/3/68
f 1234/3/118 1236/3/118 1233/3/118
f 1235/3/118 1236/3/118 1234/3/118
f 836/3/59 839/3/69 835/3/59
f 840/3/68 839/3/69 836/3/59
f 1235/3/118 1237/3/118 1236/3/118
f 1238/3/118 1237/3/118 1235/3/118
f 832/3/61 835/3/73 831/3/63
f 836/3/73 835/3/64 832/3/65
f 828/3/68 831/3/63 827/3/68
f 832/3/61 831/3/63 828/3/68
f 1238/3/118 1239/3/118 1237/3/118
f 1240/3/118 1239/3/118 1238/3/118
f 824/3/83 827/3/68 823/3/59
f 828/3/68 827/3/68 824/3/83
f 820/3/59 823/3/59 819/3/59
f 824/3/83 823/3/59 820/3/59
f 1240/3/118 1241/3/118 1239/3/118
f 1242/3/118 1241/3/118 1240/3/118
f 816/3/61 819/3/73 815/3/115
f 820/3/73 819/3/64 816/3/65
f 1242/3/118 1243/3/118 1241/3/118
f 1244/3/118 1243/3/118 1242/3/118
f 812/3/68 815/3/115 811/3/68
f 816/3/61 815/3/115 812/3/68
f 808/3/59 811/3/68 807/3/59
f 812/3/68 811/3/68 808/3/59
f 1244/3/118 1245/3/118 1243/3/118
f 1246/3/118 1245/3/118 1244/3/118
f 804/3/59 807/3/59 803/3/59
f 808/3/59 807/3/59 804/3/59
f 1246/3/118 1018/3/118 1245/3/118
f 1019/3/118 1018/3/118 1246/3/118
f 800/3/61 803/3/73 799/3/115
f 804/3/73 803/3/64 800/3/65
f 796/3/68 799/3/115 795/3/69
f 800/3/61 799/3/115 796/3/68
f 792/3/59 795/3/69 791/3/59
f 796/3/68 795/3/69 792/3/59
f 786/3/119 791/3/120 785/3/121
f 792/3/120 791/3/122 786/3/123
f 783/3/83 785/3/121 784/3/83
f 786/3/119 785/3/121 783/3/83
f 789/3/124 793/3/124 790/3/124
f 790/3/124 793/3/124 794/3/124
f 793/3/124 798/3/125 794/3/124
f 794/3/124 798/3/125 797/3/126
f 798/3/125 801/3/127 797/3/126
f 797/3/126 801/3/127 802/3/128
f 801/3/127 805/3/129 802/3/128
f 802/3/128 805/3/129 806/3/130
f 805/3/129 809/3/131 806/3/130
f 806/3/130 809/3/131 810/3/131
f 809/3/131 813/3/131 810/3/131
f 810/3/131 813/3/131 814/3/131
f 813/3/131 817/3/132 814/3/131
f 814/3/131 817/3/132 818/3/132
f 817/3/132 821/3/131 818/3/132
f 818/3/132 821/3/131 822/3/131
f 821/3/131 825/3/131 822/3/131
f 822/3/131 825/3/131 826/3/131
f 825/3/131 830/3/131 826/3/131
f 826/3/131 830/3/131 829/3/131
f 830/3/133 833/3/134 829/3/133
f 829/3/133 833/3/135 834/3/135
f 833/3/135 837/3/136 834/3/135
f 834/3/135 837/3/136 838/3/137
f 837/3/136 841/3/138 838/3/137
f 838/3/137 841/3/138 842/3/138
f 841/3/138 845/3/138 842/3/138
f 842/3/138 845/3/138 846/3/138
f 845/3/138 849/3/138 846/3/138
f 846/3/138 849/3/138 850/3/138
f 849/3/138 854/3/138 850/3/138
f 850/3/138 854/3/138 853/3/138
f 854/3/138 857/3/138 853/3/138
f 853/3/138 857/3/138 858/3/138
f 857/3/138 861/3/138 858/3/138
f 858/3/138 861/3/138 862/3/138
f 861/3/138 866/3/138 862/3/138
f 862/3/138 866/3/138 865/3/138
f 866/3/138 869/3/138 865/3/138
f 865/3/138 869/3/138 870/3/138
f 869/3/138 873/3/138 870/3/138
f 870/3/138 873/3/138 874/3/138
f 873/3/138 876/3/138 874/3/138
f 874/3/138 876/3/138 877/3/138
f 876/3/139 881/3/134 877/3/139
f 877/3/139 881/3/134 880/3/135
f 881/3/134 884/3/136 880/3/135
f 880/3/135 884/3/136 885/3/137
f 884/3/136 889/3/138 885/3/137
f 885/3/137 889/3/138 888/3/138
f 889/3/138 892/3/138 888/3/138
f 888/3/138 892/3/138 893/3/138
f 892/3/138 897/3/138 893/3/138
f 893/3/138 897/3/138 896/3/138
f 897/3/138 901/3/138 896/3/138
f 896/3/138 901/3/138 900/3/138
f 901/3/138 904/3/138 900/3/138
f 900/3/138 904/3/138 905/3/138
f 904/3/138 908/3/138 905/3/138
f 905/3/138 908/3/138 909/3/138
f 908/3/138 912/3/138 909/3/138
f 909/3/138 912/3/138 913/3/138
f 912/3/138 916/3/138 913/3/138
f 913/3/138 916/3/138 917/3/138
f 916/3/138 921/3/138 917/3/138
f 917/3/138 921/3/138 920/3/138
f 921/3/139 924/3/139 920/3/139
f 920/3/139 924/3/139 925/3/139
f 924/3/140 1169/3/141 930/3/142
f 930/3/142 1169/3/141 1170/3/229
f 924/3/140 930/3/142 925/3/139
f 925/3/139 930/3/142 931/3/139
f 932/3/143 937/3/143 933/3/143
f 933/3/143 937/3/143 936/3/143
f 937/3/143 941/3/144 936/3/143
f 936/3/143 941/3/144 940/3/143
f 941/3/144 944/3/143 940/3/143
f 940/3/143 944/3/143 945/3/143
f 944/3/143 948/3/144 945/3/143
f 945/3/143 948/3/144 949/3/143
f 948/3/144 953/3/144 949/3/143
f 949/3/143 953/3/143 952/3/143
f 953/3/133 958/3/133 952/3/133
f 952/3/133 958/3/133 959/3/133
f 960/3/145 962/3/146 961/3/145
f 961/3/145 962/3/146 963/3/146
f 962/3/146 964/3/147 963/3/146
f 963/3/148 964/3/147 965/3/147
f 1183/3/149 960/3/149 1184/3/149
f 1184/3/149 960/3/149 961/3/149
f 964/3/150 966/3/150 965/3/150
f 965/3/150 966/3/150 967/3/150
f 1179/3/151 1183/3/152 1180/3/151
f 1180/3/151 1183/3/152 1184/3/153
f 1176/3/154 1179/3/151 1175/3/154
f 1175/3/154 1179/3/151 1180/3/151
f 966/3/150 968/3/150 967/3/150
f 967/3/150 968/3/150 969/3/150
f 1171/3/155 1176/3/154 1172/3/156
f 1172/3/156 1176/3/154 1175/3/154
f 968/3/139 970/3/157 969/3/139
f 969/3/139 970/3/158 971/3/159
f 1164/3/160 1171/3/153 1165/3/160
f 1165/3/160 1171/3/153 1172/3/153
f 970/3/158 972/3/161 971/3/159
f 971/3/159 972/3/161 973/3/162
f 1160/3/163 1164/3/160 1161/3/164
f 1161/3/164 1164/3/160 1165/3/160
f 1157/3/165 1160/3/163 1156/3/166
f 1156/3/166 1160/3/163 1161/3/164
f 972/3/161 974/3/167 973/3/162
f 973/3/162 974/3/167 975/3/167
f 1152/3/156 1157/3/165 1153/3/155
f 1153/3/230 1157/3/165 1156/3/166
f 974/3/167 976/3/167 975/3/167
f 975/3/167 976/3/167 977/3/167
f 1149/3/168 1152/3/169 1148/3/170
f 1148/3/170 1152/3/169 1153/3/153
f 1145/3/171 1149/3/168 1144/3/171
f 1144/3/171 1149/3/168 1148/3/170
f 976/3/167 978/3/167 977/3/167
f 977/3/167 978/3/167 979/3/167
f 1140/3/172 1145/3/171 1141/3/172
f 1141/3/172 1145/3/171 1144/3/171
f 1136/3/173 1140/3/172 1137/3/174
f 1137/3/174 1140/3/172 1141/3/172
f 978/3/167 980/3/175 979/3/167
f 979/3/167 980/3/175 981/3/175
f 1132/3/176 1136/3/173 1133/3/177
f 1133/3/177 1136/3/173 1137/3/174
f 980/3/175 982/3/167 981/3/175
f 981/3/175 982/3/167 983/3/167
f 1128/3/178 1132/3/176 1129/3/179
f 1129/3/179 1132/3/176 1133/3/177
f 1124/3/156 1128/3/180 1125/3/156
f 1125/3/156 1128/3/178 1129/3/179
f 982/3/167 984/3/167 983/3/167
f 983/3/167 984/3/167 985/3/181
f 1120/3/182 1124/3/153 1121/3/183
f 1121/3/183 1124/3/153 1125/3/153
f 984/3/167 986/3/184 985/3/181
f 985/3/181 986/3/184 987/3/185
f 1116/3/186 1120/3/182 1117/3/176
f 1117/3/176 1120/3/182 1121/3/183
f 1112/3/187 1116/3/186 1113/3/188
f 1113/3/188 1116/3/186 1117/3/176
f 986/3/184 989/3/189 987/3/185
f 987/3/185 989/3/189 988/3/189
f 1109/3/156 1112/3/187 1108/3/190
f 1108/3/190 1112/3/187 1113/3/188
f 989/3/189 990/3/189 988/3/189
f 988/3/189 990/3/189 991/3/189
f 871/3/191 1109/3/192 1103/3/193
f 1103/3/194 1109/3/195 1104/3/196
f 1104/3/196 1109/3/195 1108/3/197
f 990/3/139 992/3/198 991/3/139
f 991/3/139 992/3/199 993/3/199
f 1099/3/200 1105/3/200 1098/3/200
f 1098/3/201 1105/3/202 1104/3/201
f 992/3/199 995/3/203 993/3/199
f 993/3/199 995/3/203 994/3/204
f 1094/3/205 1099/3/205 1095/3/205
f 1095/3/205 1099/3/205 1098/3/205
f 995/3/203 996/3/189 994/3/204
f 994/3/204 996/3/189 997/3/189
f 1090/3/206 1094/3/206 1091/3/206
f 1091/3/206 1094/3/206 1095/3/206
f 1087/3/207 1090/3/206 1086/3/207
f 1086/3/207 1090/3/206 1091/3/206
f 996/3/189 998/3/189 997/3/189
f 997/3/189 998/3/189 999/3/189
f 1083/3/208 1087/3/207 1082/3/209
f 1082/3/209 1087/3/207 1086/3/207
f 1079/3/210 1083/3/208 1078/3/210
f 1078/3/210 1083/3/208 1082/3/209
f 998/3/189 1000/3/189 999/3/189
f 999/3/189 1000/3/189 1001/3/189
f 1075/3/211 1079/3/206 1074/3/211
f 1074/3/211 1079/3/206 1078/3/206
f 1000/3/189 1002/3/212 1001/3/189
f 1001/3/189 1002/3/212 1003/3/213
f 1070/3/214 1075/3/211 1071/3/214
f 1071/3/214 1075/3/211 1074/3/211
f 1066/3/215 1070/3/216 1067/3/215
f 1067/3/215 1070/3/214 1071/3/214
f 1002/3/212 1005/3/217 1003/3/213
f 1003/3/213 1005/3/217 1004/3/217
f 1062/3/218 1066/3/206 1063/3/218
f 1063/3/218 1066/3/206 1067/3/206
f 1005/3/217 1007/3/217 1004/3/217
f 1004/3/217 1007/3/217 1006/3/217
f 1058/3/219 1062/3/218 1059/3/220
f 1059/3/220 1062/3/218 1063/3/218
f 1054/3/214 1058/3/219 1055/3/214
f 1055/3/214 1058/3/219 1059/3/220
f 1007/3/217 1008/3/221 1006/3/217
f 1006/3/217 1008/3/221 1009/3/222
f 1050/3/215 1054/3/216 1051/3/215
f 1051/3/215 1054/3/214 1055/3/214
f 1008/3/221 1010/3/223 1009/3/222
f 1009/3/222 1010/3/223 1011/3/162
f 1046/3/218 1050/3/206 1047/3/218
f 1047/3/218 1050/3/206 1051/3/206
f 1042/3/219 1046/3/218 1043/3/220
f 1043/3/220 1046/3/218 1047/3/218
f 1010/3/223 1012/3/224 1011/3/162
f 1011/3/162 1012/3/224 1013/3/225
f 1038/3/214 1042/3/219 1039/3/214
f 1039/3/214 1042/3/219 1043/3/220
f 1035/3/215 1038/3/216 1034/3/215
f 1034/3/215 1038/3/214 1039/3/214
f 1012/3/224 1014/3/226 1013/3/225
f 1013/3/226 1014/3/226 1015/3/226
f 1030/3/211 1035/3/218 1031/3/211
f 1031/3/211 1035/3/218 1034/3/218
f 1014/3/139 1016/3/139 1015/3/139
f 1015/3/139 1016/3/139 1017/3/139
f 1026/3/214 1030/3/211 1027/3/214
f 1027/3/214 1030/3/211 1031/3/211
f 1016/3/227 1020/3/227 1017/3/227
f 1017/3/227 1020/3/227 1021/3/227
f 1025/3/228 1026/3/216 1024/3/228
f 1024/3/228 1026/3/214 1027/3/214
f 1022/3/206 1025/3/206 1023/3/206
f 1023/3/206 1025/3/206 1024/3/206
